start_time,block_type,role,rule_end_date,duration_minutes,client,employee,repeat_frequency,rule_start_date,day_of_week,id,created_date,updated_date,created_by_id,created_by,is_sample
"13:30","Scheduling Block","Social Media Manager","","60","69d3590666100092a324027a","69d24e4e2711543c1a4d5c45","Weekly","2026-04-22","Friday","69e86e9b55dfacb3b8eb0ee4","2026-04-22T06:45:47.517000","2026-04-22T06:45:47.517000","anonymous","anonymous","false"
"15:00","Video Send-off Block","Social Media Manager","","15","69e4bea5e5ab2c177b567e0b","69d24e4e2711543c1a4d5c45","Weekly","2026-04-22","Wednesday","69e86dc6a8e98cd89584e7a7","2026-04-22T06:42:14.419000","2026-04-22T06:42:14.419000","anonymous","anonymous","false"
"14:00","Content Planning Block","Social Media Manager","","60","69d3590666100092a3240277","69d24e4e2711543c1a4d5c45","Monthly Week 0","2026-04-22","Wednesday","69e86dc3cbe0c0818c01250d","2026-04-22T06:42:11.756000","2026-04-22T06:42:11.756000","anonymous","anonymous","false"
"16:00","Video Send-off Block","Social Media Manager","2026-04-21","15","69e4bea5e5ab2c177b567e0b","69d24e4e2711543c1a4d5c45","Weekly","2026-04-22","Wednesday","69e86dc1c4aa417fe20deb3c","2026-04-22T06:42:09.270000","2026-04-22T06:42:14.197000","anonymous","anonymous","false"
"15:00","Content Planning Block","Social Media Manager","2026-04-21","60","69d3590666100092a3240277","69d24e4e2711543c1a4d5c45","Monthly Week 0","2026-04-22","Wednesday","69e86dbc0d6e71b17c0630e5","2026-04-22T06:42:04.904000","2026-04-22T06:42:11.523000","anonymous","anonymous","false"
"13:30","Strategy Meeting","Social Media Manager","","30","69d3590666100092a3240277","69d24e4e2711543c1a4d5c45","Monthly Week 0","2026-04-22","Wednesday","69e86da902975a62c0ad61e2","2026-04-22T06:41:45.041000","2026-04-22T06:41:45.041000","anonymous","anonymous","false"
"14:00","Content Planning Block","Social Media Manager","","90","69e4bea5e5ab2c177b567e0b","69d24e4e2711543c1a4d5c45","Monthly Week 0","2026-04-22","Monday","69e86bcb1523d317973d96b7","2026-04-22T06:33:47.225000","2026-04-22T06:33:47.225000","anonymous","anonymous","false"
"12:30","Content Planning Block","Social Media Manager","","90","69d3590666100092a3240271","69d24e4e2711543c1a4d5c45","Monthly Week 0","2026-04-22","Monday","69e86bc6200dad223bc6b853","2026-04-22T06:33:42.213000","2026-04-22T06:33:42.213000","anonymous","anonymous","false"
"11:00","Content Planning Block","Social Media Manager","2026-04-21","60","69d3590666100092a3240277","69d24e4e2711543c1a4d5c45","Monthly Week 0","2026-04-22","Monday","69e86bc26eecbb51cc5679b0","2026-04-22T06:33:38.028000","2026-04-22T06:42:04.642000","anonymous","anonymous","false"
"09:30","Strategy Meeting","Social Media Manager","2026-04-21","30","69d3590666100092a3240277","69d24e4e2711543c1a4d5c45","Monthly Week 0","2026-04-22","Monday","69e86bb87ea8e9962e2d0aaa","2026-04-22T06:33:28.035000","2026-04-22T06:41:44.820000","anonymous","anonymous","false"
"13:00","Content Planning Block","Social Media Manager","","90","69d3590666100092a3240270","69d24e4e2711543c1a4d5c45","Monthly Week 0","2026-04-22","Monday","69e86ba79086e6c34b770c22","2026-04-22T06:33:11.203000","2026-04-22T06:33:11.203000","anonymous","anonymous","false"
"09:30","Strategy Meeting","Social Media Manager","","30","69d3590666100092a3240270","69d24e4e2711543c1a4d5c45","Monthly Week 0","2026-04-22","Monday","69e86b9f03d5516251f38001","2026-04-22T06:33:03.558000","2026-04-22T06:33:03.558000","anonymous","anonymous","false"
"10:00","Strategy Meeting","Social Media Manager","","30","69d3590666100092a3240275","69d24e4e2711543c1a4d5c45","Monthly Week 0","2026-04-22","Monday","69e86b9d66a6ff1634ac034a","2026-04-22T06:33:01.324000","2026-04-22T06:33:01.324000","anonymous","anonymous","false"
"09:00","Strategy Meeting","Social Media Manager","2026-04-21","30","69d3590666100092a3240270","69d24e4e2711543c1a4d5c45","Monthly Week 0","2026-04-22","Monday","69e86b93a3c2d7102afefa93","2026-04-22T06:32:51.292000","2026-04-22T06:33:03.316000","anonymous","anonymous","false"
"09:30","Strategy Meeting","Social Media Manager","2026-04-21","30","69d3590666100092a3240275","69d24e4e2711543c1a4d5c45","Monthly Week 0","2026-04-22","Monday","69e86b8d5d5d38ec1f0a5e92","2026-04-22T06:32:45.347000","2026-04-22T06:33:01.055000","anonymous","anonymous","false"
"09:00","Strategy Meeting","Social Media Manager","2026-04-21","30","69d3590666100092a3240277","69d24e4e2711543c1a4d5c45","Monthly Week 0","2026-04-22","Monday","69e86845671f6517b5187d5d","2026-04-22T06:18:45.694000","2026-04-22T06:33:27.768000","anonymous","anonymous","false"
"14:30","Content Planning Block","Social Media Manager","","60","69d3590666100092a324027a","69d24e4e2711543c1a4d5c45","Monthly Week 0","2026-04-22","Monday","69e864738cfe8b41de7ede90","2026-04-22T06:02:27.757000","2026-04-22T06:02:27.757000","anonymous","anonymous","false"
"14:30","Scheduling Block","Social Media Manager","2026-04-21","60","69d3590666100092a324027a","69d24e4e2711543c1a4d5c45","Weekly","2026-03-16","Friday","69e86374ae25112f36195d5b","2026-04-22T05:58:12.228000","2026-04-22T06:45:47.283000","anonymous","anonymous","false"
"09:00","Social Media Editing Block","Editor","","105","69d3590666100092a324027a","69dc66297532299041e5a8b5","Weekly","2026-03-16","Wednesday","69e863748a58270bd4ee9e21","2026-04-22T05:58:12.165000","2026-04-22T05:58:12.165000","anonymous","anonymous","false"
"13:00","Social Media Filming Block","Content Creator","","30","69d3590666100092a324027a","69d71f573d8a40c016bdf49d","Weekly","2026-03-16","Tuesday","69e86374389721d1b3c0ecc0","2026-04-22T05:58:12.156000","2026-04-22T05:58:12.156000","anonymous","anonymous","false"
"13:30","Inventory Photography Block","Content Creator","","120","69d3590666100092a324027a","69d71f573d8a40c016bdf49d","Weekly","2026-03-16","Tuesday","69e86374ae8e5255e1b35d50","2026-04-22T05:58:12.141000","2026-04-22T05:58:12.141000","anonymous","anonymous","false"
"11:15","Video Send-off Block","Social Media Manager","","20","69d3590666100092a324027a","69d24e4e2711543c1a4d5c45","Weekly","2026-03-16","Wednesday","69e863742c2c5be394371145","2026-04-22T05:58:12.138000","2026-04-22T05:58:12.138000","anonymous","anonymous","false"
"12:30","Strategy Meeting","Social Media Manager","","30","69d3590666100092a324027a","69d24e4e2711543c1a4d5c45","Monthly Week 0","2026-03-16","Monday","69e86374138d3c17188b6aab","2026-04-22T05:58:12.134000","2026-04-22T05:58:12.134000","anonymous","anonymous","false"
"14:00","Content Planning Block","Social Media Manager","2026-04-21","60","69d3590666100092a324027a","69d24e4e2711543c1a4d5c45","Monthly Week 0","2026-03-16","Monday","69e86373ae92ae79e8abdb31","2026-04-22T05:58:11.895000","2026-04-22T06:02:27.508000","anonymous","anonymous","false"
"13:00","Content Planning Block","Social Media Manager","","90","69d3590666100092a3240272","69d24e4e2711543c1a4d5c45","Monthly Week 0","2026-04-22","Monday","69e8635c011a6625f056a965","2026-04-22T05:57:48.220000","2026-04-22T05:57:48.220000","anonymous","anonymous","false"
"12:30","Strategy Meeting","Social Media Manager","2026-04-21","30","69d3590666100092a324027a","69d24e4e2711543c1a4d5c45","Monthly Week 0","2026-04-22","Monday","69e863524d569b94e24414d6","2026-04-22T05:57:38.350000","2026-04-22T05:58:11.896000","anonymous","anonymous","false"
"10:30","Content Planning Block","Social Media Manager","","90","69d3590666100092a324027b","69d24e4e2711543c1a4d5c45","Monthly Week 0","2026-04-22","Monday","69e8634e4718d7c8d555bfbb","2026-04-22T05:57:34.471000","2026-04-22T05:57:34.471000","anonymous","anonymous","false"
"08:00","Content Planning Block","Social Media Manager","2026-04-21","90","69d3590666100092a3240272","69d24e4e2711543c1a4d5c45","Monthly Week 0","2026-04-22","Monday","69e8634a95674ed2e3c953c6","2026-04-22T05:57:30.213000","2026-04-22T05:57:47.979000","anonymous","anonymous","false"
"15:45","Strategy Meeting","Social Media Manager","2026-04-21","30","69d3590666100092a324027a","69d24e4e2711543c1a4d5c45","Monthly Week 0","2026-04-22","Monday","69e863445fe4f632a8b87783","2026-04-22T05:57:24.862000","2026-04-22T05:57:38.108000","anonymous","anonymous","false"
"12:30","Content Planning Block","Social Media Manager","2026-04-21","90","69d3590666100092a324027b","69d24e4e2711543c1a4d5c45","Monthly Week 0","2026-04-22","Monday","69e8633c779a98b6541fa252","2026-04-22T05:57:16.302000","2026-04-22T05:57:34.246000","anonymous","anonymous","false"
"10:00","Strategy Meeting","Social Media Manager","","30","69d3590666100092a3240272","69d24e4e2711543c1a4d5c45","Monthly Week 0","2026-04-22","Monday","69e86336532eb35943401dbc","2026-04-22T05:57:10.765000","2026-04-22T05:57:10.765000","anonymous","anonymous","false"
"14:30","Scheduling Block","Social Media Manager","2026-04-21","60","69d3590666100092a324027a","69d24e4e2711543c1a4d5c45","Weekly","2026-03-23","Friday","69e85ac15f0a4b874c14f239","2026-04-22T05:21:05.008000","2026-04-22T05:58:11.937000","anonymous","anonymous","false"
"13:00","Social Media Filming Block","Content Creator","2026-04-21","30","69d3590666100092a324027a","69d71f573d8a40c016bdf49d","Weekly","2026-03-23","Tuesday","69e85ac0a75432d2576e7034","2026-04-22T05:21:04.946000","2026-04-22T05:58:11.927000","anonymous","anonymous","false"
"09:00","Social Media Editing Block","Editor","2026-04-21","105","69d3590666100092a324027a","69dc66297532299041e5a8b5","Weekly","2026-03-23","Wednesday","69e85ac0e3122a7a997c36ca","2026-04-22T05:21:04.944000","2026-04-22T05:58:11.928000","anonymous","anonymous","false"
"08:00","Content Planning Block","Social Media Manager","2026-04-21","60","69d3590666100092a324027a","69d24e4e2711543c1a4d5c45","Weekly","2026-03-23","Monday","69e85ac0b03d84cbf129527c","2026-04-22T05:21:04.938000","2026-04-22T05:59:00.796000","anonymous","anonymous","false"
"09:00","Strategy Meeting","Social Media Manager","2026-04-21","30","69d3590666100092a324027a","69d24e4e2711543c1a4d5c45","Monthly Week 0","2026-03-23","Monday","69e85ac0f28921659101c00a","2026-04-22T05:21:04.619000","2026-04-22T05:57:24.603000","anonymous","anonymous","false"
"11:15","Video Send-off Block","Social Media Manager","2026-04-21","20","69d3590666100092a324027a","69d24e4e2711543c1a4d5c45","Weekly","2026-03-23","Wednesday","69e85ac0c28ce667c8f80b07","2026-04-22T05:21:04.618000","2026-04-22T05:58:11.899000","anonymous","anonymous","false"
"13:30","Inventory Photography Block","Content Creator","2026-04-21","120","69d3590666100092a324027a","69d71f573d8a40c016bdf49d","Weekly","2026-03-23","Tuesday","69e85ac07d2f52cc0f66973c","2026-04-22T05:21:04.615000","2026-04-22T05:58:11.910000","anonymous","anonymous","false"
"11:00","Ad Editing Block","Editor","","120","69d3590666100092a3240270","69d24e4e2711543c1a4d5c4b","Monthly Week 1","2026-04-22","Friday","69e83617e422f2888cafcff3","2026-04-22T02:44:39.386000","2026-04-22T02:44:39.386000","anonymous","anonymous","false"
"09:00","Ad Filming Block","Content Creator","","90","69d3590666100092a3240270","69dc62dd9d27585cf0f913eb","Monthly Week 1","2026-04-22","Thursday","69e834de2e284c660ad17f41","2026-04-22T02:39:26.895000","2026-04-22T02:39:26.895000","anonymous","anonymous","false"
"10:30","Ad Filming Block","Content Creator","2026-04-21","90","69d3590666100092a3240270","69dc62dd9d27585cf0f913eb","Monthly Week 1","2026-04-22","Thursday","69e834c1d52649461067638e","2026-04-22T02:38:57.876000","2026-04-22T02:39:26.675000","anonymous","anonymous","false"
"10:30","Ad Filming Block","Content Creator","2026-04-21","90","69d3590666100092a3240270","69dc62dd9d27585cf0f913eb","Monthly Week 1","2026-04-22","Thursday","69e834b9f2514b32b4d85b1e","2026-04-22T02:38:49.864000","2026-04-22T02:39:23.669000","anonymous","anonymous","false"
"11:00","Inventory Photography Block","Content Creator","","75","69d3590666100092a3240276","","Weekly","2026-04-21","Thursday","69e718bf9ad6e76f3cd15059","2026-04-21T06:27:11.877000","2026-04-21T06:27:11.877000","anonymous","anonymous","false"
"14:00","Inventory Photography Block","Content Creator","","75","69d3590666100092a3240276","","Weekly","2026-04-21","Monday","69e718bf6d8335e85d04b88c","2026-04-21T06:27:11.865000","2026-04-21T06:27:11.865000","anonymous","anonymous","false"
"14:30","Ad Editing Block","Editor","","120","69d3590666100092a3240271","69d24e4e2711543c1a4d5c4b","Monthly Week 1","2026-04-20","Wednesday","69e62f625b70b7208fa97c88","2026-04-20T13:51:30.571000","2026-04-20T13:51:30.571000","anonymous","anonymous","false"
"12:30","Scheduling Block","Social Media Manager","","60","69d3590666100092a3240275","69d24e4e2711543c1a4d5c45","Weekly","2026-04-20","Friday","69e570d34f7db9778eb7f267","2026-04-20T00:18:27.126000","2026-04-20T00:18:27.126000","anonymous","anonymous","false"
"12:30","Scheduling Block","Social Media Manager","2026-04-19","60","69d3590666100092a3240275","69d24e4e2711543c1a4d5c45","Weekly","2026-04-20","Friday","69e570d3f5bd967f1bd1d339","2026-04-20T00:18:27.027000","2026-04-20T00:18:33.116000","anonymous","anonymous","false"
"12:00","Scheduling Block","Social Media Manager","2026-04-19","60","69d3590666100092a3240275","69d24e4e2711543c1a4d5c45","Weekly","2026-04-20","Friday","69e570c9a9c1d8e032709d0c","2026-04-20T00:18:17.562000","2026-04-20T00:18:26.663000","anonymous","anonymous","false"
"11:35","Scheduling Block","Social Media Manager","","20","69e4bea5e5ab2c177b567e0b","69d24e4e2711543c1a4d5c45","Weekly","2026-04-20","Friday","69e570b47fe455ab90fd2b98","2026-04-20T00:17:56.292000","2026-04-20T00:18:06.178000","anonymous","anonymous","false"
"11:35","Scheduling Block","Social Media Manager","2026-04-19","20","69e4bea5e5ab2c177b567e0b","69d24e4e2711543c1a4d5c45","Weekly","2026-04-20","Friday","69e57069b692618b5a4d4165","2026-04-20T00:16:41.061000","2026-04-20T00:17:55.588000","anonymous","anonymous","false"
"10:40","Video Send-off Block","Social Media Manager","","15","69d3590666100092a3240272","69d24e4e2711543c1a4d5c45","Weekly","2026-04-20","Friday","69e57065db47bd10f6a2dd8f","2026-04-20T00:16:37.518000","2026-04-20T00:17:17.928000","anonymous","anonymous","false"
"19:40","Scheduling Block","Social Media Manager","2026-04-19","20","69e4bea5e5ab2c177b567e0b","69d24e4e2711543c1a4d5c45","Weekly","2026-04-20","Friday","69e57059d3313f2c56ee7952","2026-04-20T00:16:25.522000","2026-04-20T00:16:40.853000","anonymous","anonymous","false"
"10:20","Scheduling Block","Social Media Manager","","20","69d3590666100092a3240270","69d24e4e2711543c1a4d5c45","Weekly","2026-04-20","Friday","69e56fab8813d6fb6bac9239","2026-04-20T00:13:31.143000","2026-04-20T00:14:02.577000","anonymous","anonymous","false"
"14:30","Ad Scripting Block","Marketing Manager","","60","69e4bea5e5ab2c177b567e0b","69d24e4e2711543c1a4d5c44","Monthly Week 0","2026-04-20","Monday","69e56eb12527b20849cd39f6","2026-04-20T00:09:21.101000","2026-04-20T00:09:21.101000","anonymous","anonymous","false"
"15:30","Meta Ad Setup Block","Marketing Manager","","120","69e4bea5e5ab2c177b567e0b","69d24e4e2711543c1a4d5c44","Monthly Week 0","2026-04-20","Monday","69e56eacdf061d6593b8fba2","2026-04-20T00:09:16.917000","2026-04-20T00:09:16.917000","anonymous","anonymous","false"
"14:00","Ad Scripting Block","Marketing Manager","2026-04-19","60","69e4bea5e5ab2c177b567e0b","69d24e4e2711543c1a4d5c44","Monthly Week 0","2026-04-20","Monday","69e56ea6613daf80cccb8953","2026-04-20T00:09:10.303000","2026-04-20T00:09:20.887000","anonymous","anonymous","false"
"13:00","Content Planning Block","Social Media Manager","2026-04-21","90","69d3590666100092a3240271","69d24e4e2711543c1a4d5c45","Monthly Week 0","2026-04-20","Monday","69e56e72904029fd92797b87","2026-04-20T00:08:18.990000","2026-04-22T06:33:41.992000","anonymous","anonymous","false"
"11:00","Content Planning Block","Social Media Manager","2026-04-21","90","69d3590666100092a3240272","69d24e4e2711543c1a4d5c45","Monthly Week 0","2026-04-20","Monday","69e56e6ff250da70a94fc432","2026-04-20T00:08:15.781000","2026-04-22T05:57:29.905000","anonymous","anonymous","false"
"14:30","Content Planning Block","Social Media Manager","2026-04-21","90","69e4bea5e5ab2c177b567e0b","69d24e4e2711543c1a4d5c45","Monthly Week 0","2026-04-20","Monday","69e56e6aea2c297644a953f5","2026-04-20T00:08:10.189000","2026-04-22T06:33:46.994000","anonymous","anonymous","false"
"11:30","Content Planning Block","Social Media Manager","2026-04-19","90","69d3590666100092a3240272","69d24e4e2711543c1a4d5c45","Monthly Week 0","2026-04-20","Monday","69e56e5cf87ae595f49786a5","2026-04-20T00:07:56.241000","2026-04-20T00:08:15.556000","anonymous","anonymous","false"
"13:00","Content Planning Block","Social Media Manager","2026-04-19","90","69e4bea5e5ab2c177b567e0b","69d24e4e2711543c1a4d5c45","Monthly Week 0","2026-04-20","Monday","69e56e58b692618b5a4d3f36","2026-04-20T00:07:52.901000","2026-04-20T00:08:04.427000","anonymous","anonymous","false"
"13:00","Content Planning Block","Social Media Manager","2026-04-19","90","69e4bea5e5ab2c177b567e0b","69d24e4e2711543c1a4d5c45","Monthly Week 0","2026-04-20","Monday","69e56e58843cf048b2bd0cb6","2026-04-20T00:07:52.449000","2026-04-20T00:08:09.968000","anonymous","anonymous","false"
"16:00","Content Planning Block","Social Media Manager","2026-04-19","90","69d3590666100092a3240271","69d24e4e2711543c1a4d5c45","Monthly Week 0","2026-04-20","Monday","69e56e534c1d3fc4923bb100","2026-04-20T00:07:47.207000","2026-04-20T00:08:18.743000","anonymous","anonymous","false"
"14:30","Content Planning Block","Social Media Manager","2026-04-19","90","69d3590666100092a3240272","69d24e4e2711543c1a4d5c45","Monthly Week 0","2026-04-20","Monday","69e56e3af7650e082707c783","2026-04-20T00:07:22.451000","2026-04-20T00:07:56.027000","anonymous","anonymous","false"
"10:30","Strategy Meeting","Social Media Manager","","30","69e4bea5e5ab2c177b567e0b","69d24e4e2711543c1a4d5c45","Monthly Week 0","2026-04-20","Monday","69e56e2b23dae8fc2985c8fb","2026-04-20T00:07:07.856000","2026-04-20T00:07:07.856000","anonymous","anonymous","false"
"10:00","Strategy Meeting","Social Media Manager","","30","69d3590666100092a3240271","69d24e4e2711543c1a4d5c45","Monthly Week 0","2026-04-20","Monday","69e56e283a5374b6d8b9c908","2026-04-20T00:07:04.748000","2026-04-20T00:07:04.748000","anonymous","anonymous","false"
"08:45","Strategy Meeting","Social Media Manager","2026-04-19","30","69e4bea5e5ab2c177b567e0b","69d24e4e2711543c1a4d5c45","Monthly Week 0","2026-04-20","Monday","69e56e00a5c251d28ae28d89","2026-04-20T00:06:24.183000","2026-04-20T00:07:07.610000","anonymous","anonymous","false"
"14:00","Content Planning Block","Social Media Manager","2026-04-19","90","69d3590666100092a3240272","69d24e4e2711543c1a4d5c45","Monthly Week 0","2026-04-20","Monday","69e56df3e890bf3b20c9b34c","2026-04-20T00:06:11.026000","2026-04-20T00:07:22.221000","anonymous","anonymous","false"
"10:30","Content Planning Block","Social Media Manager","","120","69d3590666100092a3240275","69d24e4e2711543c1a4d5c45","Monthly Week 0","2026-04-20","Monday","69e56ddd7fe4c7205633b575","2026-04-20T00:05:49.426000","2026-04-20T00:05:49.426000","anonymous","anonymous","false"
"13:00","Social Media Editing Block","Editor","","90","69e4bea5e5ab2c177b567e0b","69d24e4e2711543c1a4d5c4b","Weekly","2026-04-20","Wednesday","69e4c9e9644e7de56aca2cba","2026-04-19T12:26:17.637000","2026-04-19T12:26:17.637000","anonymous","anonymous","false"
"09:00","Ad Editing Block","Editor","","120","69e4bea5e5ab2c177b567e0b","69d24e4e2711543c1a4d5c4b","Monthly Week 1","2026-04-20","Friday","69e4c9e99393b5e0b3256d57","2026-04-19T12:26:17.637000","2026-04-19T12:26:17.637000","anonymous","anonymous","false"
"12:30","Content Planning Block","Social Media Manager","2026-04-19","90","69e4bea5e5ab2c177b567e0b","69d24e4e2711543c1a4d5c45","Monthly Week 0","2026-04-20","Monday","69e4c9e94f6b9c781adcf3a1","2026-04-19T12:26:17.606000","2026-04-20T00:07:52.662000","anonymous","anonymous","false"
"09:30","Inventory Photography Block","Content Creator","","90","69e4bea5e5ab2c177b567e0b","69dc63b47d1a32fcab161ca2","Weekly","2026-04-20","Thursday","69e4c9e9e787cee8b865c2cd","2026-04-19T12:26:17.604000","2026-04-19T12:26:17.604000","anonymous","anonymous","false"
"09:00","Strategy Meeting","Social Media Manager","2026-04-19","30","69e4bea5e5ab2c177b567e0b","69d24e4e2711543c1a4d5c45","Monthly Week 0","2026-04-20","Monday","69e4c9e933c4ef0482859ae3","2026-04-19T12:26:17.600000","2026-04-20T00:06:23.946000","anonymous","anonymous","false"
"14:30","Video Send-off Block","Social Media Manager","2026-04-21","15","69e4bea5e5ab2c177b567e0b","69d24e4e2711543c1a4d5c45","Weekly","2026-04-20","Wednesday","69e4c9e9174f3830295d268d","2026-04-19T12:26:17.596000","2026-04-22T06:42:09.047000","anonymous","anonymous","false"
"11:30","Meta Ad Setup Block","Marketing Manager","2026-04-19","120","69e4bea5e5ab2c177b567e0b","69d24e4e2711543c1a4d5c44","Monthly Week 0","2026-04-20","Monday","69e4c9e94714bf88bb885066","2026-04-19T12:26:17.595000","2026-04-20T00:09:16.687000","anonymous","anonymous","false"
"11:20","Scheduling Block","Social Media Manager","2026-04-19","20","69e4bea5e5ab2c177b567e0b","69d24e4e2711543c1a4d5c45","Weekly","2026-04-20","Friday","69e4c9e96b8fc920a0a1d15e","2026-04-19T12:26:17.588000","2026-04-20T00:16:25.266000","anonymous","anonymous","false"
"10:30","Ad Scripting Block","Marketing Manager","2026-04-19","60","69e4bea5e5ab2c177b567e0b","69d24e4e2711543c1a4d5c44","Monthly Week 0","2026-04-20","Monday","69e4c9e920c300115493adcf","2026-04-19T12:26:17.321000","2026-04-20T00:09:10.039000","anonymous","anonymous","false"
"10:00","Ads Check and Optimise Block","Marketing Manager","","20","69e4bea5e5ab2c177b567e0b","69d24e4e2711543c1a4d5c44","Weekly","2026-04-20","Friday","69e4c9e91c87980086ac776b","2026-04-19T12:26:17.304000","2026-04-20T00:12:00.400000","anonymous","anonymous","false"
"11:30","Ad Filming Block","Content Creator","","90","69e4bea5e5ab2c177b567e0b","69dc63b47d1a32fcab161ca2","Monthly Week 1","2026-04-20","Thursday","69e4c9e99b93e4f12d80ec38","2026-04-19T12:26:17.288000","2026-04-19T12:26:17.288000","anonymous","anonymous","false"
"09:30","Inventory Photography Block","Content Creator","","90","69e4bea5e5ab2c177b567e0b","69dc63b47d1a32fcab161ca2","Weekly","2026-04-20","Tuesday","69e4c9e9bbaaf01b4a21716d","2026-04-19T12:26:17.275000","2026-04-19T12:26:17.275000","anonymous","anonymous","false"
"11:30","Social Media Filming Block","Content Creator","","90","69e4bea5e5ab2c177b567e0b","69dc63b47d1a32fcab161ca2","Weekly","2026-04-20","Tuesday","69e4c9e952a9453f41794f59","2026-04-19T12:26:17.267000","2026-04-19T12:26:17.267000","anonymous","anonymous","false"
"11:30","Ad Filming Block","Content Creator","2026-04-18","90","69e4bea5e5ab2c177b567e0b","69dc63b47d1a32fcab161ca2","Monthly Week 1","2026-04-19","Thursday","69e4c4df98778f48760464b2","2026-04-19T12:04:47.964000","2026-04-19T12:26:17.068000","anonymous","anonymous","false"
"11:30","Social Media Filming Block","Content Creator","2026-04-18","90","69e4bea5e5ab2c177b567e0b","69dc63b47d1a32fcab161ca2","Weekly","2026-04-19","Tuesday","69e4c4dc32a1d2e83964fc33","2026-04-19T12:04:44.878000","2026-04-19T12:26:17.063000","anonymous","anonymous","false"
"09:30","Inventory Photography Block","Content Creator","2026-04-18","90","69e4bea5e5ab2c177b567e0b","69dc63b47d1a32fcab161ca2","Weekly","2026-04-20","Tuesday","69e4c4550ef9d9a9a95f86bb","2026-04-19T12:02:29.686000","2026-04-19T12:26:17.065000","anonymous","anonymous","false"
"09:30","Inventory Photography Block","Content Creator","2026-04-18","90","69e4bea5e5ab2c177b567e0b","69dc63b47d1a32fcab161ca2","Weekly","2026-04-20","Thursday","69e4c45514b2a30c7bf68ec1","2026-04-19T12:02:29.338000","2026-04-19T12:26:17.386000","anonymous","anonymous","false"
"10:30","Ads Check and Optimise Block","Marketing Manager","2026-04-18","20","69e4bea5e5ab2c177b567e0b","69d24e4e2711543c1a4d5c44","Weekly","2026-04-20","Friday","69e4c01cb0b445100983ca6d","2026-04-19T11:44:28.549000","2026-04-19T12:26:17.096000","anonymous","anonymous","false"
"12:00","Ad Filming Block","Content Creator","2026-04-18","90","69e4bea5e5ab2c177b567e0b","69dc63b47d1a32fcab161ca2","Monthly Week 1","2026-04-20","Thursday","69e4c01c2414f65e359a028d","2026-04-19T11:44:28.541000","2026-04-19T12:04:47.752000","anonymous","anonymous","false"
"10:30","Ad Scripting Block","Marketing Manager","2026-04-18","60","69e4bea5e5ab2c177b567e0b","69d24e4e2711543c1a4d5c44","Monthly Week 1","2026-04-20","Monday","69e4c01c537cb20aed13072d","2026-04-19T11:44:28.535000","2026-04-19T12:26:17.069000","anonymous","anonymous","false"
"14:30","Video Send-off Block","Social Media Manager","2026-04-18","15","69e4bea5e5ab2c177b567e0b","69d24e4e2711543c1a4d5c45","Weekly","2026-04-20","Wednesday","69e4c01c023271d440b1ca14","2026-04-19T11:44:28.527000","2026-04-19T12:26:17.390000","anonymous","anonymous","false"
"13:00","Social Media Editing Block","Editor","2026-04-18","90","69e4bea5e5ab2c177b567e0b","69d24e4e2711543c1a4d5c4b","Weekly","2026-04-20","Wednesday","69e4c01c840b4c3e0a4df7f1","2026-04-19T11:44:28.523000","2026-04-19T12:26:17.415000","anonymous","anonymous","false"
"14:00","Scheduling Block","Social Media Manager","2026-04-18","20","69e4bea5e5ab2c177b567e0b","69d24e4e2711543c1a4d5c45","Weekly","2026-04-20","Friday","69e4c01c651505e601c972eb","2026-04-19T11:44:28.517000","2026-04-19T12:26:17.388000","anonymous","anonymous","false"
"09:00","Strategy Meeting","Social Media Manager","2026-04-18","30","69e4bea5e5ab2c177b567e0b","69d24e4e2711543c1a4d5c45","Monthly Week 1","2026-04-20","Monday","69e4c01c601a474c3d270408","2026-04-19T11:44:28.515000","2026-04-19T12:26:17.389000","anonymous","anonymous","false"
"12:30","Content Planning Block","Social Media Manager","2026-04-18","90","69e4bea5e5ab2c177b567e0b","69d24e4e2711543c1a4d5c45","Monthly Week 1","2026-04-20","Monday","69e4c01cf35ddf27405f94e7","2026-04-19T11:44:28.514000","2026-04-19T12:26:17.390000","anonymous","anonymous","false"
"12:00","Social Media Filming Block","Content Creator","2026-04-18","90","69e4bea5e5ab2c177b567e0b","69dc63b47d1a32fcab161ca2","Weekly","2026-04-20","Tuesday","69e4c01c2b1cbf05589126d5","2026-04-19T11:44:28.509000","2026-04-19T12:04:44.630000","anonymous","anonymous","false"
"11:30","Meta Ad Setup Block","Marketing Manager","2026-04-18","120","69e4bea5e5ab2c177b567e0b","69d24e4e2711543c1a4d5c44","Monthly Week 1","2026-04-20","Monday","69e4c01c38f622c9423f4b28","2026-04-19T11:44:28.506000","2026-04-19T12:26:17.386000","anonymous","anonymous","false"
"09:00","Ad Editing Block","Editor","2026-04-18","120","69e4bea5e5ab2c177b567e0b","69d24e4e2711543c1a4d5c4b","Monthly Week 1","2026-04-20","Friday","69e4c01c3d423c7f25b73215","2026-04-19T11:44:28.177000","2026-04-19T12:26:17.423000","anonymous","anonymous","false"
"14:00","Inventory Photography Block","Content Creator","","75","69d3590666100092a3240273","69d71f573d8a40c016bdf49d","Weekly","2026-04-19","Monday","69e4a3493baac9ac4f084df7","2026-04-19T09:41:29.553000","2026-04-19T09:42:33.408000","69d249c31a12de880bb452f5","giulianoc@scrmmedia.com.au","false"
"15:00","Inventory Photography Block","Content Creator","","75","69d3590666100092a3240273","69d71f573d8a40c016bdf49d","Weekly","2026-04-19","Thursday","69e4a3490fb1120f2cdcedac","2026-04-19T09:41:29.539000","2026-04-19T09:43:10.900000","69d249c31a12de880bb452f5","giulianoc@scrmmedia.com.au","false"
"15:00","Inventory Photography Block","Content Creator","2026-04-18","75","69d3590666100092a3240273","","Weekly","2026-04-19","Thursday","69e4a34387f6d9ee13259fe9","2026-04-19T09:41:23.641000","2026-04-19T09:41:29.318000","69d249c31a12de880bb452f5","giulianoc@scrmmedia.com.au","false"
"14:00","Inventory Photography Block","Content Creator","2026-04-18","75","69d3590666100092a3240273","","Weekly","2026-04-19","Monday","69e4a3436b4b08e0805b4b89","2026-04-19T09:41:23.641000","2026-04-19T09:41:29.285000","69d249c31a12de880bb452f5","giulianoc@scrmmedia.com.au","false"
"13:00","Strategy Meeting","Social Media Manager","","30","69df0d73689d8628385035f4","69d24e4e2711543c1a4d5c45","Fortnightly","2026-03-02","Tuesday","69df0da522f1a00efad36e13","2026-04-15T04:01:41.693000","2026-04-15T04:01:41.693000","anonymous","anonymous","false"
"13:30","Content Planning Block","Social Media Manager","","60","69df0d73689d8628385035f4","69d24e4e2711543c1a4d5c45","Fortnightly","2026-03-02","Tuesday","69df0da592671f6b68772202","2026-04-15T04:01:41.687000","2026-04-15T04:01:41.687000","anonymous","anonymous","false"
"09:00","Video Send-off Block","Social Media Manager","","10","69df0d73689d8628385035f4","69d24e4e2711543c1a4d5c45","Weekly","2026-03-02","Thursday","69df0da5369b422dfd784223","2026-04-15T04:01:41.372000","2026-04-15T04:01:41.372000","anonymous","anonymous","false"
"16:00","Social Media Editing Block","Editor","","210","69df0d73689d8628385035f4","69dc991eac4ea85958d577ca","Weekly","2026-03-02","Wednesday","69df0da5250d20507a00c13b","2026-04-15T04:01:41.362000","2026-04-20T07:39:42.708000","anonymous","anonymous","false"
"12:00","Social Media Filming Block","Content Creator","","180","69df0d73689d8628385035f4","69dc991eac4ea85958d577ca","Weekly","2026-03-02","Wednesday","69df0da5652108a6791e92fd","2026-04-15T04:01:41.360000","2026-04-15T04:01:41.360000","anonymous","anonymous","false"
"16:00","Social Media Editing Block","Editor","","210","69df0c0e69645d3ad1e9b949","69d24e4e2711543c1a4d5c48","Weekly","2026-03-02","Wednesday","69df0ccbeaea350bc491f796","2026-04-15T03:58:03.280000","2026-04-15T03:58:03.280000","anonymous","anonymous","false"
"12:00","Social Media Filming Block","Content Creator","","180","69df0c0e69645d3ad1e9b949","69dc991eac4ea85958d577ca","Weekly","2026-03-02","Wednesday","69df0ccbd58f4b8bd8390377","2026-04-15T03:58:03.245000","2026-04-15T03:58:03.245000","anonymous","anonymous","false"
"13:00","Strategy Meeting","Social Media Manager","","30","69df0c0e69645d3ad1e9b949","69d24e4e2711543c1a4d5c45","Fortnightly","2026-03-02","Tuesday","69df0ccb2a062ae446720cd3","2026-04-15T03:58:03.242000","2026-04-15T03:58:03.242000","anonymous","anonymous","false"
"13:30","Content Planning Block","Social Media Manager","","60","69df0c0e69645d3ad1e9b949","69d24e4e2711543c1a4d5c45","Fortnightly","2026-03-02","Tuesday","69df0ccb0e2ddac191d04e10","2026-04-15T03:58:03.229000","2026-04-15T03:58:03.229000","anonymous","anonymous","false"
"09:00","Video Send-off Block","Social Media Manager","","10","69df0c0e69645d3ad1e9b949","69d24e4e2711543c1a4d5c45","Weekly","2026-03-02","Thursday","69df0ccbb8e31286434e10c2","2026-04-15T03:58:03.226000","2026-04-15T03:58:03.226000","anonymous","anonymous","false"
"16:00","Social Media Editing Block","Editor","2026-04-14","210","69df0c0e69645d3ad1e9b949","69d24e4e2711543c1a4d5c48","Weekly","2026-03-02","Wednesday","69df0c97d5feec83dcf2e951","2026-04-15T03:57:11.520000","2026-04-15T03:58:02.999000","anonymous","anonymous","false"
"15:30","Content Planning Block","Social Media Manager","2026-04-14","60","69df0c0e69645d3ad1e9b949","69d24e4e2711543c1a4d5c45","Fortnightly","2026-03-02","Monday","69df0c9731eaec83fb3af7a8","2026-04-15T03:57:11.218000","2026-04-15T03:58:03.013000","anonymous","anonymous","false"
"12:00","Social Media Filming Block","Content Creator","2026-04-14","180","69df0c0e69645d3ad1e9b949","69dc991eac4ea85958d577ca","Weekly","2026-03-02","Wednesday","69df0c9779ea85218274d782","2026-04-15T03:57:11.210000","2026-04-15T03:58:03.010000","anonymous","anonymous","false"
"09:00","Video Send-off Block","Social Media Manager","2026-04-14","10","69df0c0e69645d3ad1e9b949","69d24e4e2711543c1a4d5c45","Weekly","2026-03-02","Thursday","69df0c97d7f8d01d861e1ea8","2026-04-15T03:57:11.195000","2026-04-15T03:58:03.003000","anonymous","anonymous","false"
"15:00","Strategy Meeting","Social Media Manager","2026-04-14","30","69df0c0e69645d3ad1e9b949","69d24e4e2711543c1a4d5c45","Fortnightly","2026-03-02","Monday","69df0c978189ef3f9d467102","2026-04-15T03:57:11.193000","2026-04-15T03:58:03.016000","anonymous","anonymous","false"
"09:50","Scheduling Block","Social Media Manager","","20","69d3590666100092a3240271","69d24e4e2711543c1a4d5c45","Weekly","2026-04-13","Friday","69dc9d937fffce825e97fb38","2026-04-13T07:38:59.711000","2026-04-20T00:11:54.593000","anonymous","anonymous","false"
"10:10","Scheduling Block","Social Media Manager","","10","69d3590666100092a3240277","69d24e4e2711543c1a4d5c45","Weekly","2026-04-13","Friday","69dc9d8c41549805a53d2d1c","2026-04-13T07:38:52.830000","2026-04-20T00:12:08.696000","anonymous","anonymous","false"
"10:20","Scheduling Block","Social Media Manager","2026-04-19","20","69d3590666100092a3240270","69d24e4e2711543c1a4d5c45","Weekly","2026-04-13","Friday","69dc9d89395a7d6ad267b468","2026-04-13T07:38:49.857000","2026-04-20T00:13:30.905000","anonymous","anonymous","false"
"09:40","Scheduling Block","Social Media Manager","","10","69d3590666100092a324027c","69d24e4e2711543c1a4d5c45","Weekly","2026-04-13","Friday","69dc9d85ba7f496b4f147b48","2026-04-13T07:38:45.497000","2026-04-20T00:11:32.238000","anonymous","anonymous","false"
"09:20","Scheduling Block","Social Media Manager","","10","69d3590666100092a3240278","69d24e4e2711543c1a4d5c45","Weekly","2026-04-13","Friday","69dc9d80627998c4cdf933af","2026-04-13T07:38:40.867000","2026-04-20T00:10:55.410000","anonymous","anonymous","false"
"14:45","Scheduling Block","Social Media Manager","2026-04-19","60","69d3590666100092a3240275","69d24e4e2711543c1a4d5c45","Weekly","2026-04-13","Friday","69dc9d77637eb27e88dde703","2026-04-13T07:38:31.458000","2026-04-20T00:18:17.330000","anonymous","anonymous","false"
"11:00","Content Planning Block","Social Media Manager","2026-04-19","90","69d3590666100092a3240271","69d24e4e2711543c1a4d5c45","Monthly Week 0","2026-04-13","Monday","69dc9d2ed62f13bbca3ec7a6","2026-04-13T07:37:18.225000","2026-04-20T00:07:46.989000","anonymous","anonymous","false"
"13:00","Content Planning Block","Social Media Manager","2026-04-21","60","69d3590666100092a3240277","69d24e4e2711543c1a4d5c45","Monthly Week 0","2026-04-13","Monday","69dc9d2ade79208c6a461509","2026-04-13T07:37:14.096000","2026-04-22T06:33:37.807000","anonymous","anonymous","false"
"14:00","Content Planning Block","Social Media Manager","2026-04-19","120","69d3590666100092a3240275","69d24e4e2711543c1a4d5c45","Monthly Week 0","2026-04-13","Monday","69dc9d275407478f527b7a3f","2026-04-13T07:37:11.350000","2026-04-20T00:05:49.170000","anonymous","anonymous","false"
"16:00","Content Planning Block","Social Media Manager","2026-04-12","90","69d3590666100092a3240271","69d24e4e2711543c1a4d5c45","Monthly Week 1","2026-04-13","Monday","69dc9d22cc309e8d04e51bf2","2026-04-13T07:37:06.883000","2026-04-13T07:37:17.982000","anonymous","anonymous","false"
"10:30","Strategy Meeting","Social Media Manager","2026-04-19","30","69d3590666100092a3240271","69d24e4e2711543c1a4d5c45","Monthly Week 0","2026-04-13","Monday","69dc9d191b05f62ffa194903","2026-04-13T07:36:57.184000","2026-04-20T00:07:04.532000","anonymous","anonymous","false"
"09:00","Strategy Meeting","Social Media Manager","2026-04-12","30","69d3590666100092a3240271","69d24e4e2711543c1a4d5c45","Monthly Week 1","2026-04-13","Monday","69dc9d0e0a13c3fd0e66eab6","2026-04-13T07:36:46.076000","2026-04-13T07:36:56.931000","anonymous","anonymous","false"
"10:30","Strategy Meeting","Social Media Manager","2026-04-12","30","69d3590666100092a3240271","69d24e4e2711543c1a4d5c45","Monthly Week 1","2026-04-13","Monday","69dc9ce89956e58c40771dae","2026-04-13T07:36:08.432000","2026-04-13T07:36:45.523000","anonymous","anonymous","false"
"11:00","Content Planning Block","Social Media Manager","2026-04-12","60","69d3590666100092a3240277","69d24e4e2711543c1a4d5c45","Monthly Week 1","2026-04-13","Monday","69dc9ce3d9a1ecd360e903e4","2026-04-13T07:36:03.161000","2026-04-13T07:37:13.854000","anonymous","anonymous","false"
"11:30","Content Planning Block","Social Media Manager","2026-04-12","60","69d3590666100092a3240277","69d24e4e2711543c1a4d5c45","Monthly Week 1","2026-04-13","Monday","69dc9cde734db6359d72f4a9","2026-04-13T07:35:58.666000","2026-04-13T07:36:02.931000","anonymous","anonymous","false"
"12:30","Content Planning Block","Social Media Manager","2026-04-12","120","69d3590666100092a3240275","69d24e4e2711543c1a4d5c45","Monthly Week 1","2026-04-13","Monday","69dc9cdbc6c92144e7e0fc47","2026-04-13T07:35:55.773000","2026-04-13T07:37:11.125000","anonymous","anonymous","false"
"12:00","Meta Ad Setup Block","Marketing Manager","","120","69d3590666100092a3240271","69d24e4e2711543c1a4d5c44","Monthly Week 0","2026-03-09","Monday","69dc9cbe085f23ffdd3a62eb","2026-04-13T07:35:26.841000","2026-04-19T12:31:31.096000","anonymous","anonymous","false"
"09:00","Ad Filming Block","Content Creator","","90","69d3590666100092a3240271","69d71f573d8a40c016bdf49d","Monthly Week 1","2026-03-09","Tuesday","69dc9cbe058cf1c1dfb78ac7","2026-04-13T07:35:26.827000","2026-04-19T12:40:13.503000","anonymous","anonymous","false"
"10:30","Social Media Filming Block","Content Creator","","90","69d3590666100092a3240271","69d71f573d8a40c016bdf49d","Weekly","2026-03-09","Tuesday","69dc9cbea7ad16e3d1b63392","2026-04-13T07:35:26.827000","2026-04-13T07:35:26.827000","anonymous","anonymous","false"
"14:00","Scheduling Block","Social Media Manager","2026-04-12","20","69d3590666100092a3240271","69d24e4e2711543c1a4d5c45","Weekly","2026-03-09","Friday","69dc9cbea2efc1832388ab0d","2026-04-13T07:35:26.826000","2026-04-13T07:38:59.485000","anonymous","anonymous","false"
"12:30","Video Send-off Block","Social Media Manager","","15","69d3590666100092a3240271","69d24e4e2711543c1a4d5c45","Weekly","2026-03-09","Wednesday","69dc9cbeb579dd030da7ae1d","2026-04-13T07:35:26.819000","2026-04-13T07:35:26.819000","anonymous","anonymous","false"
"11:00","Social Media Editing Block","Editor","","90","69d3590666100092a3240271","69d24e4e2711543c1a4d5c4b","Weekly","2026-03-09","Wednesday","69dc9cbe5407478f527b7a20","2026-04-13T07:35:26.814000","2026-04-13T07:35:26.814000","anonymous","anonymous","false"
"14:30","Content Planning Block","Social Media Manager","2026-04-12","90","69d3590666100092a3240271","69d24e4e2711543c1a4d5c45","Monthly Week 1","2026-03-09","Monday","69dc9cbe033e7e087b41d8c9","2026-04-13T07:35:26.808000","2026-04-13T07:37:06.659000","anonymous","anonymous","false"
"09:40","Ads Check and Optimise Block","Marketing Manager","","20","69d3590666100092a3240271","69d24e4e2711543c1a4d5c44","Weekly","2026-03-09","Friday","69dc9cbeb8c2889632b60053","2026-04-13T07:35:26.497000","2026-04-20T00:11:40.697000","anonymous","anonymous","false"
"11:00","Ad Scripting Block","Marketing Manager","","60","69d3590666100092a3240271","69d24e4e2711543c1a4d5c44","Monthly Week 0","2026-03-09","Monday","69dc9cbee03281f51a8c3059","2026-04-13T07:35:26.494000","2026-04-19T12:31:31.084000","anonymous","anonymous","false"
"13:00","Ad Editing Block","Editor","2026-04-19","120","69d3590666100092a3240271","69d24e4e2711543c1a4d5c4b","Monthly Week 1","2026-03-09","Wednesday","69dc9cbe10c6019cfd59c4bc","2026-04-13T07:35:26.493000","2026-04-20T13:51:30.228000","anonymous","anonymous","false"
"09:00","Strategy Meeting","Social Media Manager","2026-04-12","30","69d3590666100092a3240271","69d24e4e2711543c1a4d5c45","Monthly Week 1","2026-03-09","Monday","69dc9cbee5840525139ef00e","2026-04-13T07:35:26.487000","2026-04-13T07:36:08.208000","anonymous","anonymous","false"
"09:00","Social Media Filming Block","Content Creator","","120","69d3590666100092a324027e","69dc991eac4ea85958d577ca","Fortnightly","2026-03-02","Tuesday","69dc9aea37f92b9d5ed03f5e","2026-04-13T07:27:38.459000","2026-04-13T07:27:38.459000","anonymous","anonymous","false"
"13:30","Scheduling Block","Social Media Manager","","20","69d3590666100092a324027e","69d24e4e2711543c1a4d5c45","Weekly","2026-03-02","Friday","69dc9aea7440339ec321eb7f","2026-04-13T07:27:38.441000","2026-04-13T07:27:38.441000","anonymous","anonymous","false"
"13:00","Strategy Meeting","Social Media Manager","","30","69d3590666100092a324027e","69d24e4e2711543c1a4d5c45","Monthly Week 0","2026-03-02","Tuesday","69dc9aea5407478f527b7930","2026-04-13T07:27:38.436000","2026-04-19T12:31:31.068000","anonymous","anonymous","false"
"15:00","Video Send-off Block","Social Media Manager","","15","69d3590666100092a324027e","69d24e4e2711543c1a4d5c45","Weekly","2026-03-02","Tuesday","69dc9aeaf2cb02512f793fb9","2026-04-13T07:27:38.436000","2026-04-13T07:27:38.436000","anonymous","anonymous","false"
"12:00","Social Media Editing Block","Editor","","180","69d3590666100092a324027e","69d24e4e2711543c1a4d5c48","Fortnightly","2026-03-02","Tuesday","69dc9aea233b849c289367c2","2026-04-13T07:27:38.434000","2026-04-13T07:27:38.434000","anonymous","anonymous","false"
"13:30","Content Planning Block","Social Media Manager","","90","69d3590666100092a324027e","69d24e4e2711543c1a4d5c45","Monthly Week 0","2026-03-02","Tuesday","69dc9aea5407478f527b792f","2026-04-13T07:27:38.433000","2026-04-19T12:31:31.035000","anonymous","anonymous","false"
"10:55","Scheduling Block","Social Media Manager","","20","69d3590666100092a324027b","69d24e4e2711543c1a4d5c45","Weekly","2026-03-16","Friday","69dc98d1fe85c91837da65cc","2026-04-13T07:18:41.221000","2026-04-20T00:17:26.038000","anonymous","anonymous","false"
"09:00","Social Media Filming Block","Content Creator","","120","69d3590666100092a324027b","69dc62dd9d27585cf0f913eb","Fortnightly","2026-03-16","Monday","69dc98d0733a9cb6f51f7061","2026-04-13T07:18:40.922000","2026-04-13T07:18:40.922000","anonymous","anonymous","false"
"09:30","Strategy Meeting","Social Media Manager","","30","69d3590666100092a324027b","69d24e4e2711543c1a4d5c45","Monthly Week 0","2026-03-16","Monday","69dc98d0e5840525139eef14","2026-04-13T07:18:40.892000","2026-04-19T12:31:31.068000","anonymous","anonymous","false"
"13:00","Social Media Editing Block","Editor","","180","69d3590666100092a324027b","69d24e4e2711543c1a4d5c4b","Fortnightly","2026-03-16","Tuesday","69dc98d01c07edee84c34739","2026-04-13T07:18:40.891000","2026-04-13T07:18:40.891000","anonymous","anonymous","false"
"16:00","Video Send-off Block","Social Media Manager","","15","69d3590666100092a324027b","69d24e4e2711543c1a4d5c45","Weekly","2026-03-16","Tuesday","69dc98d0378622fed8695d34","2026-04-13T07:18:40.890000","2026-04-13T07:18:40.890000","anonymous","anonymous","false"
"10:30","Content Planning Block","Social Media Manager","2026-04-21","90","69d3590666100092a324027b","69d24e4e2711543c1a4d5c45","Monthly Week 0","2026-03-16","Monday","69dc98d0339552486b992e69","2026-04-13T07:18:40.890000","2026-04-22T05:57:16.084000","anonymous","anonymous","false"
"11:30","Video Send-off Block","Social Media Manager","","10","69d3590666100092a324027c","69d24e4e2711543c1a4d5c45","Weekly","2026-03-02","Tuesday","69dc98261c06899c7acf9738","2026-04-13T07:15:50.807000","2026-04-13T07:15:50.807000","anonymous","anonymous","false"
"11:45","Scheduling Block","Social Media Manager","2026-04-12","10","69d3590666100092a324027c","69d24e4e2711543c1a4d5c45","Weekly","2026-03-02","Friday","69dc982635c856a79d80351b","2026-04-13T07:15:50.799000","2026-04-13T07:38:45.261000","anonymous","anonymous","false"
"13:00","Content Planning Block","Social Media Manager","","60","69d3590666100092a324027c","69d24e4e2711543c1a4d5c45","Monthly Week 0","2026-03-02","Monday","69dc9826c0fff3b757e25ce7","2026-04-13T07:15:50.798000","2026-04-19T12:31:31.035000","anonymous","anonymous","false"
"10:00","Strategy Meeting","Social Media Manager","","30","69d3590666100092a324027c","69d24e4e2711543c1a4d5c45","Monthly Week 0","2026-03-02","Monday","69dc9826b7375b1227890212","2026-04-13T07:15:50.783000","2026-04-19T12:31:31.068000","anonymous","anonymous","false"
"12:00","Social Media Filming Block","Content Creator","","60","69d3590666100092a324027c","69d71f573d8a40c016bdf49d","Weekly","2026-03-02","Monday","69dc98262744fd808c3623be","2026-04-13T07:15:50.778000","2026-04-13T07:15:50.778000","anonymous","anonymous","false"
"10:30","Social Media Editing Block","Editor","","60","69d3590666100092a324027c","69d24e4e2711543c1a4d5c4b","Weekly","2026-03-02","Tuesday","69dc98263ac5b3966697ecf4","2026-04-13T07:15:50.774000","2026-04-13T07:15:50.774000","anonymous","anonymous","false"
"10:30","Strategy Meeting","Social Media Manager","","30","69d3590666100092a3240278","69d24e4e2711543c1a4d5c45","Monthly Week 0","2026-03-02","Monday","69dc980f0874b76671b7e221","2026-04-13T07:15:27.959000","2026-04-19T12:31:31.068000","anonymous","anonymous","false"
"14:00","Content Planning Block","Social Media Manager","","60","69d3590666100092a3240278","69d24e4e2711543c1a4d5c45","Monthly Week 0","2026-03-02","Monday","69dc980f239966ce735cdba8","2026-04-13T07:15:27.958000","2026-04-19T12:31:31.035000","anonymous","anonymous","false"
"11:30","Social Media Editing Block","Editor","","60","69d3590666100092a3240278","69d24e4e2711543c1a4d5c4b","Weekly","2026-03-02","Tuesday","69dc980ff136f6a5db059d1b","2026-04-13T07:15:27.946000","2026-04-13T07:15:27.946000","anonymous","anonymous","false"
"11:30","Scheduling Block","Social Media Manager","2026-04-12","10","69d3590666100092a3240278","69d24e4e2711543c1a4d5c45","Weekly","2026-03-02","Friday","69dc980fd86736970b38a583","2026-04-13T07:15:27.945000","2026-04-13T07:38:40.621000","anonymous","anonymous","false"
"13:00","Social Media Filming Block","Content Creator","","60","69d3590666100092a3240278","69d71f573d8a40c016bdf49d","Weekly","2026-03-02","Monday","69dc980f123c1fcb49812489","2026-04-13T07:15:27.938000","2026-04-13T07:15:27.938000","anonymous","anonymous","false"
"12:30","Video Send-off Block","Social Media Manager","","10","69d3590666100092a3240278","69d24e4e2711543c1a4d5c45","Weekly","2026-03-02","Tuesday","69dc980f8572b960a10c2ff0","2026-04-13T07:15:27.935000","2026-04-13T07:15:27.935000","anonymous","anonymous","false"
"11:30","Video Send-off Block","Social Media Manager","2026-04-12","10","69d3590666100092a324027c","69d24e4e2711543c1a4d5c45","Weekly","2026-03-02","Tuesday","69dc976e20fb09eef8bab13c","2026-04-13T07:12:46.960000","2026-04-13T07:15:50.592000","anonymous","anonymous","false"
"12:30","Content Planning Block","Social Media Manager","2026-04-12","60","69d3590666100092a324027c","69d24e4e2711543c1a4d5c45","Monthly Week 1","2026-03-02","Monday","69dc976ef0eb5185fdfd3ca0","2026-04-13T07:12:46.922000","2026-04-13T07:15:50.600000","anonymous","anonymous","false"
"11:45","Scheduling Block","Social Media Manager","2026-04-12","10","69d3590666100092a324027c","69d24e4e2711543c1a4d5c45","Weekly","2026-03-02","Friday","69dc976ede79208c6a4610c4","2026-04-13T07:12:46.922000","2026-04-13T07:15:50.563000","anonymous","anonymous","false"
"12:00","Social Media Filming Block","Content Creator","2026-04-12","60","69d3590666100092a324027c","69d71f573d8a40c016bdf49d","Weekly","2026-03-02","Monday","69dc976e11683149099c701a","2026-04-13T07:12:46.918000","2026-04-13T07:15:50.565000","anonymous","anonymous","false"
"10:00","Strategy Meeting","Social Media Manager","2026-04-12","30","69d3590666100092a324027c","69d24e4e2711543c1a4d5c45","Monthly Week 1","2026-03-02","Monday","69dc976e8900354f8aaf4033","2026-04-13T07:12:46.902000","2026-04-13T07:15:50.566000","anonymous","anonymous","false"
"10:30","Social Media Editing Block","Editor","2026-04-12","60","69d3590666100092a324027c","69d24e4e2711543c1a4d5c4b","Weekly","2026-03-02","Tuesday","69dc976ed88e6120ab40915d","2026-04-13T07:12:46.898000","2026-04-13T07:15:50.556000","anonymous","anonymous","false"
"09:00","Ad Filming Block","Videographer","","90","69d3590666100092a3240274","69d71f573d8a40c016bdf49d","Monthly Week 1","2026-03-02","Tuesday","69dc9758f70abc42d3637066","2026-04-13T07:12:24","2026-04-13T07:12:24","anonymous","anonymous","false"
"09:00","Ad Editing Block","Editor","","120","69d3590666100092a3240274","69d24e4e2711543c1a4d5c4b","Monthly Week 1","2026-03-02","Wednesday","69dc9757da66bcb6eed1534e","2026-04-13T07:12:23.946000","2026-04-13T07:12:23.946000","anonymous","anonymous","false"
"10:00","Ad Scripting Block","Marketing Manager","","60","69d3590666100092a3240274","69d24e4e2711543c1a4d5c44","Monthly Week 0","2026-03-02","Monday","69dc97578244ed365af522ce","2026-04-13T07:12:23.646000","2026-04-19T12:31:31.084000","anonymous","anonymous","false"
"09:00","Social Media Editing Block","Editor","","90","69d3590666100092a3240274","69d24e4e2711543c1a4d5c4b","Weekly","2026-03-02","Tuesday","69dc9757085f23ffdd3a6105","2026-04-13T07:12:23.640000","2026-04-13T07:12:23.640000","anonymous","anonymous","false"
"09:00","Social Media Filming Block","Videographer","","90","69d3590666100092a3240274","69d71f573d8a40c016bdf49d","Weekly","2026-03-02","Monday","69dc9757f7350ef254728036","2026-04-13T07:12:23.629000","2026-04-13T07:12:23.629000","anonymous","anonymous","false"
"09:00","Scheduling Block","Social Media Manager","","20","69d3590666100092a3240274","69d24e4e2711543c1a4d5c45","Weekly","2026-03-02","Friday","69dc9757166cae6bdafe4645","2026-04-13T07:12:23.614000","2026-04-13T07:12:23.614000","anonymous","anonymous","false"
"09:30","Strategy Meeting","Social Media Manager","","30","69d3590666100092a3240274","69d24e4e2711543c1a4d5c45","Monthly Week 0","2026-03-02","Monday","69dc9757b60433a56041ae08","2026-04-13T07:12:23.602000","2026-04-19T12:31:31.068000","anonymous","anonymous","false"
"11:30","Meta Ad Setup Block","Marketing Manager","","120","69d3590666100092a3240274","69d24e4e2711543c1a4d5c44","Monthly Week 0","2026-03-02","Monday","69dc9757166cae6bdafe4644","2026-04-13T07:12:23.406000","2026-04-19T12:31:31.096000","anonymous","anonymous","false"
"09:00","Video Send-off Block","Social Media Manager","","15","69d3590666100092a3240274","69d24e4e2711543c1a4d5c45","Weekly","2026-03-02","Wednesday","69dc975767036b5dca2ee50f","2026-04-13T07:12:23.344000","2026-04-13T07:12:23.344000","anonymous","anonymous","false"
"11:00","Content Planning Block","Social Media Manager","","90","69d3590666100092a3240274","69d24e4e2711543c1a4d5c45","Monthly Week 0","2026-03-02","Monday","69dc975743b346682ce5c6eb","2026-04-13T07:12:23.337000","2026-04-19T12:31:31.035000","anonymous","anonymous","false"
"09:00","Ads Check and Optimise Block","Marketing Manager","","20","69d3590666100092a3240274","69d24e4e2711543c1a4d5c44","Weekly","2026-03-02","Friday","69dc97574ce84620d4a0b4cc","2026-04-13T07:12:23.305000","2026-04-13T07:12:23.305000","anonymous","anonymous","false"
"11:30","Video Send-off Block","Social Media Manager","2026-04-12","10","69d3590666100092a324027c","69d24e4e2711543c1a4d5c45","Weekly","2026-03-02","Tuesday","69dc9733de8f79b22cb6a4a4","2026-04-13T07:11:47.909000","2026-04-13T07:12:46.704000","anonymous","anonymous","false"
"12:00","Social Media Filming Block","Content Creator","2026-04-12","60","69d3590666100092a324027c","69d71f573d8a40c016bdf49d","Weekly","2026-03-02","Monday","69dc97337c36522a00a50f3f","2026-04-13T07:11:47.610000","2026-04-13T07:12:46.692000","anonymous","anonymous","false"
"12:30","Content Planning Block","Social Media Manager","2026-04-12","60","69d3590666100092a324027c","69d24e4e2711543c1a4d5c45","Monthly Week 1","2026-03-02","Monday","69dc9733f1390e03fbd2a83a","2026-04-13T07:11:47.609000","2026-04-13T07:12:46.681000","anonymous","anonymous","false"
"11:45","Scheduling Block","Social Media Manager","2026-04-12","10","69d3590666100092a324027c","69d24e4e2711543c1a4d5c45","Weekly","2026-03-02","Friday","69dc97337c36522a00a50f3e","2026-04-13T07:11:47.608000","2026-04-13T07:12:46.677000","anonymous","anonymous","false"
"09:00","Strategy Meeting","Social Media Manager","2026-04-12","30","69d3590666100092a324027c","69d24e4e2711543c1a4d5c45","Monthly Week 1","2026-03-02","Monday","69dc97333c49c7208416cbeb","2026-04-13T07:11:47.589000","2026-04-13T07:12:46.672000","anonymous","anonymous","false"
"10:30","Social Media Editing Block","Editor","2026-04-12","60","69d3590666100092a324027c","69d24e4e2711543c1a4d5c4b","Weekly","2026-03-02","Tuesday","69dc973389be9933255d3a42","2026-04-13T07:11:47.586000","2026-04-13T07:12:46.678000","anonymous","anonymous","false"
"17:00","Video Send-off Block","Social Media Manager","","15","69d3590666100092a3240270","69d24e4e2711543c1a4d5c45","Weekly","2026-03-16","Thursday","69dc9504b4b3d7c470a7cd75","2026-04-13T07:02:28.143000","2026-04-13T07:02:28.143000","anonymous","anonymous","false"
"15:00","Ad Editing Block","Editor","2026-04-21","120","69d3590666100092a3240270","69d24e4e2711543c1a4d5c4b","Monthly Week 1","2026-03-16","Thursday","69dc95040138708f56dca68d","2026-04-13T07:02:28.117000","2026-04-22T02:44:39.152000","anonymous","anonymous","false"
"11:30","Meta Ad Setup Block","Marketing Manager","","120","69d3590666100092a3240270","69d24e4e2711543c1a4d5c44","Monthly Week 0","2026-03-16","Monday","69dc95043dc6f1951766b899","2026-04-13T07:02:28.100000","2026-04-19T12:31:31.096000","anonymous","anonymous","false"
"11:00","Scheduling Block","Social Media Manager","2026-04-12","20","69d3590666100092a3240270","69d24e4e2711543c1a4d5c45","Weekly","2026-03-16","Friday","69dc95047e25d0161aa6baba","2026-04-13T07:02:28.099000","2026-04-13T07:38:49.607000","anonymous","anonymous","false"
"13:30","Social Media Filming Block","Content Creator","","90","69d3590666100092a3240270","69dc62dd9d27585cf0f913eb","Weekly","2026-03-16","Tuesday","69dc9504a69071e82b4ebe10","2026-04-13T07:02:28.098000","2026-04-13T07:02:28.098000","anonymous","anonymous","false"
"10:30","Ad Scripting Block","Marketing Manager","","60","69d3590666100092a3240270","69d24e4e2711543c1a4d5c44","Monthly Week 0","2026-03-16","Monday","69dc9504a0383381eafe4201","2026-04-13T07:02:28.094000","2026-04-19T12:31:31.084000","anonymous","anonymous","false"
"13:30","Social Media Editing Block","Editor","","90","69d3590666100092a3240270","69d24e4e2711543c1a4d5c4b","Weekly","2026-03-16","Thursday","69dc95047c36522a00a50d70","2026-04-13T07:02:28.092000","2026-04-13T07:02:28.092000","anonymous","anonymous","false"
"10:00","Strategy Meeting","Social Media Manager","2026-04-21","30","69d3590666100092a3240270","69d24e4e2711543c1a4d5c45","Monthly Week 0","2026-03-16","Monday","69dc95046bc9d873e68edecc","2026-04-13T07:02:28.091000","2026-04-22T06:32:51.062000","anonymous","anonymous","false"
"09:20","Ads Check and Optimise Block","Marketing Manager","","20","69d3590666100092a3240270","69d24e4e2711543c1a4d5c44","Weekly","2026-03-16","Friday","69dc9503f1f996170c977096","2026-04-13T07:02:27.808000","2026-04-20T00:11:19.046000","anonymous","anonymous","false"
"15:00","Ad Filming Block","Content Creator","2026-04-21","90","69d3590666100092a3240270","69dc62dd9d27585cf0f913eb","Monthly Week 1","2026-03-16","Tuesday","69dc950323562c9202b457ef","2026-04-13T07:02:27.775000","2026-04-22T02:42:03.879000","anonymous","anonymous","false"
"12:30","Content Planning Block","Social Media Manager","2026-04-21","90","69d3590666100092a3240270","69d24e4e2711543c1a4d5c45","Monthly Week 0","2026-03-16","Monday","69dc95035370017c393339e5","2026-04-13T07:02:27.774000","2026-04-22T06:33:10.978000","anonymous","anonymous","false"
"09:00","Social Media Editing Block","Editor","","180","69d3590666100092a3240272","69dc66297532299041e5a8b5","Fortnightly","2026-03-23","Friday","69dc90bca752aa848d089c9f","2026-04-13T06:44:12.985000","2026-04-21T05:51:38.618000","anonymous","anonymous","false"
"10:00","Content Planning Block","Social Media Manager","2026-04-19","90","69d3590666100092a3240272","69d24e4e2711543c1a4d5c45","Monthly Week 0","2026-03-23","Monday","69dc90bca85bae105fafd606","2026-04-13T06:44:12.980000","2026-04-20T00:06:10.804000","anonymous","anonymous","false"
"09:30","Strategy Meeting","Social Media Manager","2026-04-21","30","69d3590666100092a3240272","69d24e4e2711543c1a4d5c45","Monthly Week 0","2026-03-23","Monday","69dc90bcfb8e56d4469aec4a","2026-04-13T06:44:12.967000","2026-04-22T05:57:10.493000","anonymous","anonymous","false"
"22:40","Video Send-off Block","Social Media Manager","2026-04-19","15","69d3590666100092a3240272","69d24e4e2711543c1a4d5c45","Weekly","2026-03-23","Friday","69dc90bccf9fccb80c035b0a","2026-04-13T06:44:12.965000","2026-04-20T00:16:37.292000","anonymous","anonymous","false"
"11:15","Scheduling Block","Social Media Manager","","20","69d3590666100092a3240272","69d24e4e2711543c1a4d5c45","Weekly","2026-03-23","Friday","69dc90bc68705abe907afa7d","2026-04-13T06:44:12.961000","2026-04-20T00:17:35.794000","anonymous","anonymous","false"
"09:30","Social Media Filming Block","Content Creator","","120","69d3590666100092a3240272","69d71f573d8a40c016bdf49d","Fortnightly","2026-03-23","Thursday","69dc90bc665a6bf76f7710ec","2026-04-13T06:44:12.652000","2026-04-13T06:44:12.652000","anonymous","anonymous","false"
"09:00","Social Media Editing Block","Editor","","120","69d3590666100092a3240277","69d24e4e2711543c1a4d5c4b","Fortnightly","2026-03-09","Wednesday","69dc8f83584f2a2cff230fc8","2026-04-13T06:38:59.730000","2026-04-13T06:38:59.730000","anonymous","anonymous","false"
"09:30","Strategy Meeting","Social Media Manager","2026-04-21","30","69d3590666100092a3240277","69d24e4e2711543c1a4d5c45","Monthly Week 0","2026-03-09","Monday","69dc8f83014de07c5f611c80","2026-04-13T06:38:59.730000","2026-04-22T06:18:45.466000","anonymous","anonymous","false"
"11:00","Video Send-off Block","Social Media Manager","","10","69d3590666100092a3240277","69d24e4e2711543c1a4d5c45","Weekly","2026-03-09","Wednesday","69dc8f83de292c91ce11b829","2026-04-13T06:38:59.727000","2026-04-13T06:38:59.727000","anonymous","anonymous","false"
"09:00","Social Media Filming Block","Content Creator","","90","69d3590666100092a3240277","69dc80e4d230b697a1106a69","Fortnightly","2026-03-09","Tuesday","69dc8f8389667db15065cf92","2026-04-13T06:38:59.413000","2026-04-13T06:38:59.413000","anonymous","anonymous","false"
"10:30","Content Planning Block","Social Media Manager","2026-04-12","60","69d3590666100092a3240277","69d24e4e2711543c1a4d5c45","Monthly Week 1","2026-03-09","Monday","69dc8f8344a35f04c15bd66f","2026-04-13T06:38:59.404000","2026-04-13T07:35:58.416000","anonymous","anonymous","false"
"10:30","Scheduling Block","Social Media Manager","2026-04-12","10","69d3590666100092a3240277","69d24e4e2711543c1a4d5c45","Weekly","2026-03-09","Friday","69dc8f8346e802d8ca4ff66f","2026-04-13T06:38:59.399000","2026-04-13T07:38:52.377000","anonymous","anonymous","false"
"13:00","Video Send-off Block","Social Media Manager","","30","69d3590666100092a3240275","69d24e4e2711543c1a4d5c45","Weekly","2026-03-09","Thursday","69dc8db3df0359da2b9abba9","2026-04-13T06:31:15.170000","2026-04-13T06:31:15.170000","anonymous","anonymous","false"
"11:30","Content Planning Block","Social Media Manager","2026-04-12","120","69d3590666100092a3240275","69d24e4e2711543c1a4d5c45","Monthly Week 1","2026-03-09","Monday","69dc8db3eecbf56b4d185581","2026-04-13T06:31:15.165000","2026-04-13T07:35:55.511000","anonymous","anonymous","false"
"09:00","Social Media Editing Block","Editor","","240","69d3590666100092a3240275","69d24e4e2711543c1a4d5c4b","Weekly","2026-03-09","Thursday","69dc8db3bfe75492f24aa4c2","2026-04-13T06:31:15.156000","2026-04-13T06:31:15.156000","anonymous","anonymous","false"
"10:00","Strategy Meeting","Social Media Manager","2026-04-21","30","69d3590666100092a3240275","69d24e4e2711543c1a4d5c45","Monthly Week 0","2026-03-09","Monday","69dc8db3dbb4428103ee688b","2026-04-13T06:31:15.154000","2026-04-22T06:32:45.048000","anonymous","anonymous","false"
"09:30","Scheduling Block","Social Media Manager","2026-04-12","60","69d3590666100092a3240275","69d24e4e2711543c1a4d5c45","Weekly","2026-03-09","Friday","69dc8db2bbda9b7b7fcec3f1","2026-04-13T06:31:14.848000","2026-04-13T07:38:30.907000","anonymous","anonymous","false"
"09:00","Social Media Filming Block","Content Creator","","240","69d3590666100092a3240275","69dc62dd9d27585cf0f913eb","Weekly","2026-03-09","Tuesday","69dc8db2964b957118f42cf8","2026-04-13T06:31:14.836000","2026-04-13T06:31:14.836000","anonymous","anonymous","false"
"09:00","Social Media Filming Block","Videographer","2026-04-12","90","69d3590666100092a3240274","69d71f573d8a40c016bdf49d","Weekly","2026-04-13","Monday","69dc59c2a44c50007c9327ac","2026-04-13T02:49:38.090000","2026-04-13T07:12:23.039000","anonymous","anonymous","false"
"10:30","Social Media Filming Block","Videographer","2026-04-12","90","69d3590666100092a3240274","69d71f573d8a40c016bdf49d","Weekly","2026-04-13","Monday","69dc59b24fde6cdf65610a05","2026-04-13T02:49:22.253000","2026-04-13T02:49:37.865000","anonymous","anonymous","false"
"09:00","Ad Filming Block","Videographer","2026-04-12","90","69d3590666100092a3240274","69d71f573d8a40c016bdf49d","Monthly Week 1","2026-03-02","Tuesday","69d98d8b66d765cf8db814d1","2026-04-10T23:53:47.390000","2026-04-13T07:12:23.082000","69d249c31a12de880bb452f5","giulianoc@scrmmedia.com.au","false"
"09:30","Strategy Meeting","Social Media Manager","2026-04-12","30","69d3590666100092a3240274","69d24e4e2711543c1a4d5c45","Monthly Week 1","2026-03-02","Monday","69d98d8bd00545d677df495e","2026-04-10T23:53:47.329000","2026-04-13T07:12:23.336000","69d249c31a12de880bb452f5","giulianoc@scrmmedia.com.au","false"
"09:00","Social Media Filming Block","Videographer","2026-04-12","90","69d3590666100092a3240274","69d71f573d8a40c016bdf49d","Weekly","2026-03-02","Monday","69d98d8bb992e92afdbb8f5d","2026-04-10T23:53:47.013000","2026-04-13T02:49:22.031000","69d249c31a12de880bb452f5","giulianoc@scrmmedia.com.au","false"
"10:00","Content Planning Block","Social Media Manager","2026-04-12","90","69d3590666100092a3240274","69d24e4e2711543c1a4d5c45","Monthly Week 1","2026-03-02","Monday","69d98d8bd00545d677df495d","2026-04-10T23:53:47.012000","2026-04-13T07:12:23.017000","69d249c31a12de880bb452f5","giulianoc@scrmmedia.com.au","false"
"09:00","Video Send-off Block","Social Media Manager","2026-04-12","15","69d3590666100092a3240274","69d24e4e2711543c1a4d5c45","Weekly","2026-03-02","Wednesday","69d98d8aa9a777b2a4a1f238","2026-04-10T23:53:46.995000","2026-04-13T07:12:23.040000","69d249c31a12de880bb452f5","giulianoc@scrmmedia.com.au","false"
"11:30","Meta Ad Setup Block","Marketing Manager","2026-04-12","120","69d3590666100092a3240274","69d24e4e2711543c1a4d5c44","Monthly Week 1","2026-03-02","Monday","69d98d8a2d41e53811f2c9b4","2026-04-10T23:53:46.988000","2026-04-13T07:12:23.032000","69d249c31a12de880bb452f5","giulianoc@scrmmedia.com.au","false"
"09:00","Scheduling Block","Social Media Manager","2026-04-12","20","69d3590666100092a3240274","69d24e4e2711543c1a4d5c45","Weekly","2026-03-02","Friday","69d98d8adf6442204b545981","2026-04-10T23:53:46.988000","2026-04-13T07:12:23.328000","69d249c31a12de880bb452f5","giulianoc@scrmmedia.com.au","false"
"09:00","Ad Editing Block","Editor","2026-04-12","120","69d3590666100092a3240274","69d24e4e2711543c1a4d5c4b","Monthly Week 1","2026-03-02","Wednesday","69d98d8a2364bed3b52ff191","2026-04-10T23:53:46.987000","2026-04-13T07:12:23.402000","69d249c31a12de880bb452f5","giulianoc@scrmmedia.com.au","false"
"09:00","Ads Check and Optimise Block","Marketing Manager","2026-04-12","20","69d3590666100092a3240274","69d24e4e2711543c1a4d5c44","Weekly","2026-03-02","Friday","69d98d8ab4d1c423ca6557c4","2026-04-10T23:53:46.982000","2026-04-13T07:12:22.994000","69d249c31a12de880bb452f5","giulianoc@scrmmedia.com.au","false"
"10:00","Ad Scripting Block","Marketing Manager","2026-04-12","60","69d3590666100092a3240274","69d24e4e2711543c1a4d5c44","Monthly Week 1","2026-03-02","Monday","69d98d8ac26bbad5e6e15172","2026-04-10T23:53:46.980000","2026-04-13T07:12:23.056000","69d249c31a12de880bb452f5","giulianoc@scrmmedia.com.au","false"
"09:00","Social Media Editing Block","Editor","2026-04-12","90","69d3590666100092a3240274","69d24e4e2711543c1a4d5c4b","Weekly","2026-03-02","Tuesday","69d98d8a34b5054d20e4638d","2026-04-10T23:53:46.966000","2026-04-13T07:12:23.333000","69d249c31a12de880bb452f5","giulianoc@scrmmedia.com.au","false"