date,start_time,block_type,repeat_end_date,notes,duration_minutes,client,is_unassigned,employee,repeat_frequency,recurrence_group_id,package_source,id,created_date,updated_date,created_by_id,created_by,is_sample
"2026-04-20","09:00","Social Media Editing Block","","","180","69d3590666100092a3240272","false","69d24e4e2711543c1a4d5c4b","Fortnightly","","Momentum","69d76e14820817e63e6a5a9b","2026-04-09T09:15:00.736000","2026-04-09T09:15:00.736000","service_8b4e6330-f72e-472c-8717-aa845a7a9be2","service+8b4e6330-f72e-472c-8717-aa845a7a9be2@no-reply.base44.com","false"
"2026-04-20","09:00","Social Media Filming Block","","","120","69d3590666100092a3240272","false","69d71f573d8a40c016bdf49d","Fortnightly","","Momentum","69d76e145dca769e056bfb3a","2026-04-09T09:15:00.248000","2026-04-09T09:15:00.248000","service_8b4e6330-f72e-472c-8717-aa845a7a9be2","service+8b4e6330-f72e-472c-8717-aa845a7a9be2@no-reply.base44.com","false"
"2026-04-13","09:00","Scheduling Block","","","20","69d3590666100092a3240272","false","69d24e4e2711543c1a4d5c45","Weekly","","Momentum","69d76e13d5e6823e5c803d8e","2026-04-09T09:14:59.951000","2026-04-09T09:14:59.951000","service_8b4e6330-f72e-472c-8717-aa845a7a9be2","service+8b4e6330-f72e-472c-8717-aa845a7a9be2@no-reply.base44.com","false"
"2026-03-23","09:00","Scheduling Block","","","20","69d3590666100092a3240272","false","69d24e4e2711543c1a4d5c45","Weekly","","Momentum","69d76e13401edf411ec84a7c","2026-04-09T09:14:59.914000","2026-04-09T09:14:59.914000","service_8b4e6330-f72e-472c-8717-aa845a7a9be2","service+8b4e6330-f72e-472c-8717-aa845a7a9be2@no-reply.base44.com","false"
"2026-03-30","09:00","Scheduling Block","","","20","69d3590666100092a3240272","false","69d24e4e2711543c1a4d5c45","Weekly","","Momentum","69d76e13d793a34623acffae","2026-04-09T09:14:59.868000","2026-04-09T09:14:59.868000","service_8b4e6330-f72e-472c-8717-aa845a7a9be2","service+8b4e6330-f72e-472c-8717-aa845a7a9be2@no-reply.base44.com","false"
"2026-04-06","09:00","Scheduling Block","","","20","69d3590666100092a3240272","false","69d24e4e2711543c1a4d5c45","Weekly","","Momentum","69d76e13d83c77a0c75cd657","2026-04-09T09:14:59.846000","2026-04-09T09:14:59.846000","service_8b4e6330-f72e-472c-8717-aa845a7a9be2","service+8b4e6330-f72e-472c-8717-aa845a7a9be2@no-reply.base44.com","false"
"2026-03-16","09:00","Strategy Meeting","","","30","69d3590666100092a3240272","true","","Monthly","","Momentum","69d76e11a5ef95c68b73e775","2026-04-09T09:14:57.944000","2026-04-09T09:14:57.944000","service_8b4e6330-f72e-472c-8717-aa845a7a9be2","service+8b4e6330-f72e-472c-8717-aa845a7a9be2@no-reply.base44.com","false"
"2026-03-23","09:00","Video Send-off Block","","","15","69d3590666100092a3240272","false","69d24e4e2711543c1a4d5c45","Weekly","","Momentum","69d76e11f9238266c5bb876b","2026-04-09T09:14:57.914000","2026-04-09T09:14:57.914000","service_8b4e6330-f72e-472c-8717-aa845a7a9be2","service+8b4e6330-f72e-472c-8717-aa845a7a9be2@no-reply.base44.com","false"
"2026-04-06","09:00","Video Send-off Block","","","15","69d3590666100092a3240272","false","69d24e4e2711543c1a4d5c45","Weekly","","Momentum","69d76e1143bc96534adb3e5e","2026-04-09T09:14:57.872000","2026-04-09T09:14:57.872000","service_8b4e6330-f72e-472c-8717-aa845a7a9be2","service+8b4e6330-f72e-472c-8717-aa845a7a9be2@no-reply.base44.com","false"
"2026-04-13","09:00","Video Send-off Block","","","15","69d3590666100092a3240272","false","69d24e4e2711543c1a4d5c45","Weekly","","Momentum","69d76e11383fcdf90a1d49b9","2026-04-09T09:14:57.850000","2026-04-09T09:14:57.850000","service_8b4e6330-f72e-472c-8717-aa845a7a9be2","service+8b4e6330-f72e-472c-8717-aa845a7a9be2@no-reply.base44.com","false"
"2026-03-30","09:00","Video Send-off Block","","","15","69d3590666100092a3240272","false","69d24e4e2711543c1a4d5c45","Weekly","","Momentum","69d76e11c2928e1a610c3ca1","2026-04-09T09:14:57.842000","2026-04-09T09:14:57.842000","service_8b4e6330-f72e-472c-8717-aa845a7a9be2","service+8b4e6330-f72e-472c-8717-aa845a7a9be2@no-reply.base44.com","false"
"2026-03-16","09:00","Content Planning Block","","","90","69d3590666100092a3240272","true","","Monthly","","Momentum","69d76e113a94578876cd50ef","2026-04-09T09:14:57.389000","2026-04-09T09:14:57.389000","service_8b4e6330-f72e-472c-8717-aa845a7a9be2","service+8b4e6330-f72e-472c-8717-aa845a7a9be2@no-reply.base44.com","false"
"2026-04-06","09:00","Social Media Editing Block","","","180","69d3590666100092a3240272","false","69d24e4e2711543c1a4d5c4b","Fortnightly","","Momentum","69d76e11b720eb64ad318a5d","2026-04-09T09:14:57.382000","2026-04-09T09:14:57.382000","service_8b4e6330-f72e-472c-8717-aa845a7a9be2","service+8b4e6330-f72e-472c-8717-aa845a7a9be2@no-reply.base44.com","false"
"2026-04-06","09:00","Social Media Filming Block","","","120","69d3590666100092a3240272","false","69d71f573d8a40c016bdf49d","Fortnightly","","Momentum","69d76e110134f3667935a459","2026-04-09T09:14:57.345000","2026-04-09T09:14:57.345000","service_8b4e6330-f72e-472c-8717-aa845a7a9be2","service+8b4e6330-f72e-472c-8717-aa845a7a9be2@no-reply.base44.com","false"
"2026-03-23","09:00","Social Media Editing Block","","","180","69d3590666100092a3240272","false","69d24e4e2711543c1a4d5c4b","Fortnightly","","Momentum","69d76e114601b52613ac9dc3","2026-04-09T09:14:57.322000","2026-04-09T09:14:57.322000","service_8b4e6330-f72e-472c-8717-aa845a7a9be2","service+8b4e6330-f72e-472c-8717-aa845a7a9be2@no-reply.base44.com","false"
"2026-03-23","09:00","Social Media Filming Block","","","120","69d3590666100092a3240272","false","69d71f573d8a40c016bdf49d","Fortnightly","","Momentum","69d76e11cd164ab36e8ab390","2026-04-09T09:14:57.315000","2026-04-09T09:14:57.315000","service_8b4e6330-f72e-472c-8717-aa845a7a9be2","service+8b4e6330-f72e-472c-8717-aa845a7a9be2@no-reply.base44.com","false"
"2026-05-18","09:00","Scheduling Block","","","10","69d3590666100092a3240278","false","69d24e4e2711543c1a4d5c45","Weekly","","Werribee Automotive Group SOCIALS","69d76e11ef21540821c98cd2","2026-04-09T09:14:57.163000","2026-04-09T09:14:57.163000","service_8b4e6330-f72e-472c-8717-aa845a7a9be2","service+8b4e6330-f72e-472c-8717-aa845a7a9be2@no-reply.base44.com","false"
"2026-05-11","09:00","Scheduling Block","","","10","69d3590666100092a3240278","false","69d24e4e2711543c1a4d5c45","Weekly","","Werribee Automotive Group SOCIALS","69d76e10ee1e7f4f7a67969c","2026-04-09T09:14:56.599000","2026-04-09T09:14:56.599000","service_8b4e6330-f72e-472c-8717-aa845a7a9be2","service+8b4e6330-f72e-472c-8717-aa845a7a9be2@no-reply.base44.com","false"
"2026-05-18","09:00","Video Send-off Block","","","10","69d3590666100092a3240278","false","69d24e4e2711543c1a4d5c45","Weekly","","Werribee Automotive Group SOCIALS","69d76e10d07efc389f1017b7","2026-04-09T09:14:56.584000","2026-04-09T09:14:56.584000","service_8b4e6330-f72e-472c-8717-aa845a7a9be2","service+8b4e6330-f72e-472c-8717-aa845a7a9be2@no-reply.base44.com","false"
"2026-04-27","09:00","Scheduling Block","","","10","69d3590666100092a3240278","false","69d24e4e2711543c1a4d5c45","Weekly","","Werribee Automotive Group SOCIALS","69d76e10903fb77f854b6b17","2026-04-09T09:14:56.570000","2026-04-09T09:14:56.570000","service_8b4e6330-f72e-472c-8717-aa845a7a9be2","service+8b4e6330-f72e-472c-8717-aa845a7a9be2@no-reply.base44.com","false"
"2026-05-11","09:00","Video Send-off Block","","","10","69d3590666100092a3240278","false","69d24e4e2711543c1a4d5c45","Weekly","","Werribee Automotive Group SOCIALS","69d76e108b029a02d727ffac","2026-04-09T09:14:56.539000","2026-04-09T09:14:56.539000","service_8b4e6330-f72e-472c-8717-aa845a7a9be2","service+8b4e6330-f72e-472c-8717-aa845a7a9be2@no-reply.base44.com","false"
"2026-05-04","09:00","Scheduling Block","","","10","69d3590666100092a3240278","false","69d24e4e2711543c1a4d5c45","Weekly","","Werribee Automotive Group SOCIALS","69d76e100134f3667935a458","2026-04-09T09:14:56.521000","2026-04-09T09:14:56.521000","service_8b4e6330-f72e-472c-8717-aa845a7a9be2","service+8b4e6330-f72e-472c-8717-aa845a7a9be2@no-reply.base44.com","false"
"2026-04-27","09:00","Video Send-off Block","","","10","69d3590666100092a3240278","false","69d24e4e2711543c1a4d5c45","Weekly","","Werribee Automotive Group SOCIALS","69d76e105f80c809abad0cbe","2026-04-09T09:14:56.056000","2026-04-09T09:14:56.056000","service_8b4e6330-f72e-472c-8717-aa845a7a9be2","service+8b4e6330-f72e-472c-8717-aa845a7a9be2@no-reply.base44.com","false"
"2026-04-20","09:00","Content Planning Block","","","60","69d3590666100092a3240278","true","","Monthly","","Werribee Automotive Group SOCIALS","69d76e10a9f40dea37212a47","2026-04-09T09:14:56.012000","2026-04-09T09:14:56.012000","service_8b4e6330-f72e-472c-8717-aa845a7a9be2","service+8b4e6330-f72e-472c-8717-aa845a7a9be2@no-reply.base44.com","false"
"2026-04-20","09:00","Strategy Meeting","","","30","69d3590666100092a3240278","true","","Monthly","","Werribee Automotive Group SOCIALS","69d76e0f36b526ea728c08eb","2026-04-09T09:14:55.986000","2026-04-09T09:14:55.986000","service_8b4e6330-f72e-472c-8717-aa845a7a9be2","service+8b4e6330-f72e-472c-8717-aa845a7a9be2@no-reply.base44.com","false"
"2026-05-18","09:00","Social Media Editing Block","","","60","69d3590666100092a3240278","false","69d24e4e2711543c1a4d5c4b","Weekly","","Werribee Automotive Group SOCIALS","69d76e0fa93feba2798cebca","2026-04-09T09:14:55.928000","2026-04-09T09:14:55.928000","service_8b4e6330-f72e-472c-8717-aa845a7a9be2","service+8b4e6330-f72e-472c-8717-aa845a7a9be2@no-reply.base44.com","false"
"2026-05-04","09:00","Video Send-off Block","","","10","69d3590666100092a3240278","false","69d24e4e2711543c1a4d5c45","Weekly","","Werribee Automotive Group SOCIALS","69d76e0fdc8919643653a84b","2026-04-09T09:14:55.925000","2026-04-09T09:14:55.925000","service_8b4e6330-f72e-472c-8717-aa845a7a9be2","service+8b4e6330-f72e-472c-8717-aa845a7a9be2@no-reply.base44.com","false"
"2026-05-04","09:00","Social Media Editing Block","","","60","69d3590666100092a3240278","false","69d24e4e2711543c1a4d5c4b","Weekly","","Werribee Automotive Group SOCIALS","69d76e0f892675cb80ee5bd6","2026-04-09T09:14:55.480000","2026-04-09T09:14:55.480000","service_8b4e6330-f72e-472c-8717-aa845a7a9be2","service+8b4e6330-f72e-472c-8717-aa845a7a9be2@no-reply.base44.com","false"
"2026-05-11","09:00","Social Media Editing Block","","","60","69d3590666100092a3240278","false","69d24e4e2711543c1a4d5c4b","Weekly","","Werribee Automotive Group SOCIALS","69d76e0f26fd1b4fde7130a0","2026-04-09T09:14:55.456000","2026-04-09T09:14:55.456000","service_8b4e6330-f72e-472c-8717-aa845a7a9be2","service+8b4e6330-f72e-472c-8717-aa845a7a9be2@no-reply.base44.com","false"
"2026-05-18","09:00","Social Media Filming Block","","","60","69d3590666100092a3240278","false","69d71f573d8a40c016bdf49d","Weekly","","Werribee Automotive Group SOCIALS","69d76e0ff00302c95b5b8085","2026-04-09T09:14:55.442000","2026-04-09T09:14:55.442000","service_8b4e6330-f72e-472c-8717-aa845a7a9be2","service+8b4e6330-f72e-472c-8717-aa845a7a9be2@no-reply.base44.com","false"
"2026-04-27","09:00","Social Media Editing Block","","","60","69d3590666100092a3240278","false","69d24e4e2711543c1a4d5c4b","Weekly","","Werribee Automotive Group SOCIALS","69d76e0f7bfc368197d39289","2026-04-09T09:14:55.431000","2026-04-09T09:14:55.431000","service_8b4e6330-f72e-472c-8717-aa845a7a9be2","service+8b4e6330-f72e-472c-8717-aa845a7a9be2@no-reply.base44.com","false"
"2026-05-11","09:00","Social Media Filming Block","","","60","69d3590666100092a3240278","false","69d71f573d8a40c016bdf49d","Weekly","","Werribee Automotive Group SOCIALS","69d76e0f45b68c41599e878a","2026-04-09T09:14:55.417000","2026-04-09T09:14:55.417000","service_8b4e6330-f72e-472c-8717-aa845a7a9be2","service+8b4e6330-f72e-472c-8717-aa845a7a9be2@no-reply.base44.com","false"
"2026-05-04","09:00","Social Media Filming Block","","","60","69d3590666100092a3240278","false","69d71f573d8a40c016bdf49d","Weekly","","Werribee Automotive Group SOCIALS","69d76e0e12fc858d65a623a8","2026-04-09T09:14:54.941000","2026-04-09T09:14:54.941000","service_8b4e6330-f72e-472c-8717-aa845a7a9be2","service+8b4e6330-f72e-472c-8717-aa845a7a9be2@no-reply.base44.com","false"
"2026-04-13","09:00","Scheduling Block","","","10","69d3590666100092a3240278","false","69d24e4e2711543c1a4d5c45","Weekly","","Werribee Automotive Group SOCIALS","69d76e0e3dbdb0656939f526","2026-04-09T09:14:54.857000","2026-04-09T09:14:54.857000","service_8b4e6330-f72e-472c-8717-aa845a7a9be2","service+8b4e6330-f72e-472c-8717-aa845a7a9be2@no-reply.base44.com","false"
"2026-04-06","09:00","Scheduling Block","","","10","69d3590666100092a3240278","false","69d24e4e2711543c1a4d5c45","Weekly","","Werribee Automotive Group SOCIALS","69d76e0ec09c8c8434804cda","2026-04-09T09:14:54.857000","2026-04-09T09:14:54.857000","service_8b4e6330-f72e-472c-8717-aa845a7a9be2","service+8b4e6330-f72e-472c-8717-aa845a7a9be2@no-reply.base44.com","false"
"2026-04-27","09:00","Social Media Filming Block","","","60","69d3590666100092a3240278","false","69d71f573d8a40c016bdf49d","Weekly","","Werribee Automotive Group SOCIALS","69d76e0e41b10b8115e0ec8a","2026-04-09T09:14:54.833000","2026-04-09T09:14:54.833000","service_8b4e6330-f72e-472c-8717-aa845a7a9be2","service+8b4e6330-f72e-472c-8717-aa845a7a9be2@no-reply.base44.com","false"
"2026-04-20","09:00","Scheduling Block","","","10","69d3590666100092a3240278","false","69d24e4e2711543c1a4d5c45","Weekly","","Werribee Automotive Group SOCIALS","69d76e0eb21366bc1c887640","2026-04-09T09:14:54.825000","2026-04-09T09:14:54.825000","service_8b4e6330-f72e-472c-8717-aa845a7a9be2","service+8b4e6330-f72e-472c-8717-aa845a7a9be2@no-reply.base44.com","false"
"2026-04-13","09:00","Video Send-off Block","","","10","69d3590666100092a3240278","false","69d24e4e2711543c1a4d5c45","Weekly","","Werribee Automotive Group SOCIALS","69d76e0e83430e22124f8f9b","2026-04-09T09:14:54.355000","2026-04-09T09:14:54.355000","service_8b4e6330-f72e-472c-8717-aa845a7a9be2","service+8b4e6330-f72e-472c-8717-aa845a7a9be2@no-reply.base44.com","false"
"2026-03-30","09:00","Video Send-off Block","","","10","69d3590666100092a3240278","false","69d24e4e2711543c1a4d5c45","Weekly","","Werribee Automotive Group SOCIALS","69d76e0edfef2aa577a8979a","2026-04-09T09:14:54.324000","2026-04-09T09:14:54.324000","service_8b4e6330-f72e-472c-8717-aa845a7a9be2","service+8b4e6330-f72e-472c-8717-aa845a7a9be2@no-reply.base44.com","false"
"2026-03-30","09:00","Scheduling Block","","","10","69d3590666100092a3240278","false","69d24e4e2711543c1a4d5c45","Weekly","","Werribee Automotive Group SOCIALS","69d76e0ec0dc1240c1031c3d","2026-04-09T09:14:54.318000","2026-04-09T09:14:54.318000","service_8b4e6330-f72e-472c-8717-aa845a7a9be2","service+8b4e6330-f72e-472c-8717-aa845a7a9be2@no-reply.base44.com","false"
"2026-04-06","09:00","Video Send-off Block","","","10","69d3590666100092a3240278","false","69d24e4e2711543c1a4d5c45","Weekly","","Werribee Automotive Group SOCIALS","69d76e0e063b90cfe02cffda","2026-04-09T09:14:54.317000","2026-04-09T09:14:54.317000","service_8b4e6330-f72e-472c-8717-aa845a7a9be2","service+8b4e6330-f72e-472c-8717-aa845a7a9be2@no-reply.base44.com","false"
"2026-04-20","09:00","Video Send-off Block","","","10","69d3590666100092a3240278","false","69d24e4e2711543c1a4d5c45","Weekly","","Werribee Automotive Group SOCIALS","69d76e0e1d376c2183df036a","2026-04-09T09:14:54.290000","2026-04-09T09:14:54.290000","service_8b4e6330-f72e-472c-8717-aa845a7a9be2","service+8b4e6330-f72e-472c-8717-aa845a7a9be2@no-reply.base44.com","false"
"2026-04-07","12:00","Social Media Editing Block","","","60","69d3590666100092a3240278","false","69d24e4e2711543c1a4d5c4b","Weekly","","Werribee Automotive Group SOCIALS","69d76e0d75ec8fb6983156ce","2026-04-09T09:14:53.819000","2026-04-10T11:23:47.634000","service_8b4e6330-f72e-472c-8717-aa845a7a9be2","service+8b4e6330-f72e-472c-8717-aa845a7a9be2@no-reply.base44.com","false"
"2026-03-23","09:00","Content Planning Block","","","60","69d3590666100092a3240278","true","","Monthly","","Werribee Automotive Group SOCIALS","69d76e0c9d22aa2a4072ce86","2026-04-09T09:14:52.472000","2026-04-09T09:14:52.472000","service_8b4e6330-f72e-472c-8717-aa845a7a9be2","service+8b4e6330-f72e-472c-8717-aa845a7a9be2@no-reply.base44.com","false"
"2026-04-13","09:00","Social Media Editing Block","","","60","69d3590666100092a3240278","false","69d24e4e2711543c1a4d5c4b","Weekly","","Werribee Automotive Group SOCIALS","69d76e0c0134f3667935a455","2026-04-09T09:14:52.442000","2026-04-09T09:14:52.442000","service_8b4e6330-f72e-472c-8717-aa845a7a9be2","service+8b4e6330-f72e-472c-8717-aa845a7a9be2@no-reply.base44.com","false"
"2026-04-20","09:00","Social Media Editing Block","","","60","69d3590666100092a3240278","false","69d24e4e2711543c1a4d5c4b","Weekly","","Werribee Automotive Group SOCIALS","69d76e0c7378b8c11f88ff77","2026-04-09T09:14:52.376000","2026-04-09T09:14:52.376000","service_8b4e6330-f72e-472c-8717-aa845a7a9be2","service+8b4e6330-f72e-472c-8717-aa845a7a9be2@no-reply.base44.com","false"
"2026-03-23","09:00","Strategy Meeting","","","30","69d3590666100092a3240278","true","","Monthly","","Werribee Automotive Group SOCIALS","69d76e0cef21540821c98ccc","2026-04-09T09:14:52.370000","2026-04-09T09:14:52.370000","service_8b4e6330-f72e-472c-8717-aa845a7a9be2","service+8b4e6330-f72e-472c-8717-aa845a7a9be2@no-reply.base44.com","false"
"2026-04-06","11:30","Social Media Filming Block","","","60","69d3590666100092a3240278","false","69d71f573d8a40c016bdf49d","Weekly","","Werribee Automotive Group SOCIALS","69d76e0b8a9776d265105fc7","2026-04-09T09:14:51.880000","2026-04-09T09:26:56.085000","service_8b4e6330-f72e-472c-8717-aa845a7a9be2","service+8b4e6330-f72e-472c-8717-aa845a7a9be2@no-reply.base44.com","false"
"2026-03-30","09:00","Social Media Editing Block","","","60","69d3590666100092a3240278","false","69d24e4e2711543c1a4d5c4b","Weekly","","Werribee Automotive Group SOCIALS","69d76e0bfe069d0060f29519","2026-04-09T09:14:51.868000","2026-04-09T09:14:51.868000","service_8b4e6330-f72e-472c-8717-aa845a7a9be2","service+8b4e6330-f72e-472c-8717-aa845a7a9be2@no-reply.base44.com","false"
"2026-04-20","09:00","Social Media Filming Block","","","60","69d3590666100092a3240278","false","69d71f573d8a40c016bdf49d","Weekly","","Werribee Automotive Group SOCIALS","69d76e0b0637d6eb8a9b1b0c","2026-04-09T09:14:51.857000","2026-04-09T09:14:51.857000","service_8b4e6330-f72e-472c-8717-aa845a7a9be2","service+8b4e6330-f72e-472c-8717-aa845a7a9be2@no-reply.base44.com","false"
"2026-04-13","09:00","Social Media Filming Block","","","60","69d3590666100092a3240278","false","69d71f573d8a40c016bdf49d","Weekly","","Werribee Automotive Group SOCIALS","69d76e0ba5fcd97acc904ec7","2026-04-09T09:14:51.847000","2026-04-09T09:14:51.847000","service_8b4e6330-f72e-472c-8717-aa845a7a9be2","service+8b4e6330-f72e-472c-8717-aa845a7a9be2@no-reply.base44.com","false"
"2026-03-30","09:00","Social Media Filming Block","","","60","69d3590666100092a3240278","false","69d71f573d8a40c016bdf49d","Weekly","","Werribee Automotive Group SOCIALS","69d76e0bae28301cc57260f6","2026-04-09T09:14:51.787000","2026-04-09T09:14:51.787000","service_8b4e6330-f72e-472c-8717-aa845a7a9be2","service+8b4e6330-f72e-472c-8717-aa845a7a9be2@no-reply.base44.com","false"
"2026-05-25","09:00","Scheduling Block","","","60","69d3590666100092a3240275","true","","Weekly","","Ralph D'Silva Motor Group SOCIALS","69d76e0b2bc50c6b43f5b8a3","2026-04-09T09:14:51.628000","2026-04-09T09:14:51.628000","service_8b4e6330-f72e-472c-8717-aa845a7a9be2","service+8b4e6330-f72e-472c-8717-aa845a7a9be2@no-reply.base44.com","false"
"2026-05-11","09:00","Scheduling Block","","","60","69d3590666100092a3240275","true","","Weekly","","Ralph D'Silva Motor Group SOCIALS","69d76e0b2265fc992a583bf2","2026-04-09T09:14:51.117000","2026-04-09T09:14:51.117000","service_8b4e6330-f72e-472c-8717-aa845a7a9be2","service+8b4e6330-f72e-472c-8717-aa845a7a9be2@no-reply.base44.com","false"
"2026-05-04","09:00","Scheduling Block","","","60","69d3590666100092a3240275","true","","Weekly","","Ralph D'Silva Motor Group SOCIALS","69d76e0b8e49a40115ca52ea","2026-04-09T09:14:51.011000","2026-04-09T09:14:51.011000","service_8b4e6330-f72e-472c-8717-aa845a7a9be2","service+8b4e6330-f72e-472c-8717-aa845a7a9be2@no-reply.base44.com","false"
"2026-05-18","09:00","Video Send-off Block","","","30","69d3590666100092a3240275","true","","Weekly","","Ralph D'Silva Motor Group SOCIALS","69d76e0ad982174bd9b438f7","2026-04-09T09:14:50.996000","2026-04-09T09:14:50.996000","service_8b4e6330-f72e-472c-8717-aa845a7a9be2","service+8b4e6330-f72e-472c-8717-aa845a7a9be2@no-reply.base44.com","false"
"2026-05-25","09:00","Video Send-off Block","","","30","69d3590666100092a3240275","true","","Weekly","","Ralph D'Silva Motor Group SOCIALS","69d76e0a09f5321d1c939311","2026-04-09T09:14:50.991000","2026-04-09T09:14:50.991000","service_8b4e6330-f72e-472c-8717-aa845a7a9be2","service+8b4e6330-f72e-472c-8717-aa845a7a9be2@no-reply.base44.com","false"
"2026-05-18","09:00","Scheduling Block","","","60","69d3590666100092a3240275","true","","Weekly","","Ralph D'Silva Motor Group SOCIALS","69d76e0ae2333a4ffefd9c24","2026-04-09T09:14:50.990000","2026-04-09T09:14:50.990000","service_8b4e6330-f72e-472c-8717-aa845a7a9be2","service+8b4e6330-f72e-472c-8717-aa845a7a9be2@no-reply.base44.com","false"
"2026-04-27","09:00","Strategy Meeting","","","30","69d3590666100092a3240275","true","","Monthly","","Ralph D'Silva Motor Group SOCIALS","69d76e0ac0ecbb03565bb3be","2026-04-09T09:14:50.468000","2026-04-09T09:14:50.468000","service_8b4e6330-f72e-472c-8717-aa845a7a9be2","service+8b4e6330-f72e-472c-8717-aa845a7a9be2@no-reply.base44.com","false"
"2026-05-25","09:00","Social Media Editing Block","","","240","69d3590666100092a3240275","true","","Weekly","","Ralph D'Silva Motor Group SOCIALS","69d76e0a40866f2ea1fea71e","2026-04-09T09:14:50.444000","2026-04-09T09:14:50.444000","service_8b4e6330-f72e-472c-8717-aa845a7a9be2","service+8b4e6330-f72e-472c-8717-aa845a7a9be2@no-reply.base44.com","false"
"2026-05-11","09:00","Video Send-off Block","","","30","69d3590666100092a3240275","true","","Weekly","","Ralph D'Silva Motor Group SOCIALS","69d76e0abfa3f1293aeff23a","2026-04-09T09:14:50.428000","2026-04-09T09:14:50.428000","service_8b4e6330-f72e-472c-8717-aa845a7a9be2","service+8b4e6330-f72e-472c-8717-aa845a7a9be2@no-reply.base44.com","false"
"2026-05-04","09:00","Video Send-off Block","","","30","69d3590666100092a3240275","true","","Weekly","","Ralph D'Silva Motor Group SOCIALS","69d76e0a6f6758f0927ef3e0","2026-04-09T09:14:50.413000","2026-04-09T09:14:50.413000","service_8b4e6330-f72e-472c-8717-aa845a7a9be2","service+8b4e6330-f72e-472c-8717-aa845a7a9be2@no-reply.base44.com","false"
"2026-04-27","09:00","Content Planning Block","","","120","69d3590666100092a3240275","true","","Monthly","","Ralph D'Silva Motor Group SOCIALS","69d76e0a0632c4ec2477cb61","2026-04-09T09:14:50.402000","2026-04-09T09:14:50.402000","service_8b4e6330-f72e-472c-8717-aa845a7a9be2","service+8b4e6330-f72e-472c-8717-aa845a7a9be2@no-reply.base44.com","false"
"2026-05-11","09:00","Social Media Editing Block","","","240","69d3590666100092a3240275","true","","Weekly","","Ralph D'Silva Motor Group SOCIALS","69d76e0960f303f65c378d5a","2026-04-09T09:14:49.887000","2026-04-09T09:14:49.887000","service_8b4e6330-f72e-472c-8717-aa845a7a9be2","service+8b4e6330-f72e-472c-8717-aa845a7a9be2@no-reply.base44.com","false"
"2026-05-18","09:00","Social Media Editing Block","","","240","69d3590666100092a3240275","true","","Weekly","","Ralph D'Silva Motor Group SOCIALS","69d76e096f088d8455086e6b","2026-04-09T09:14:49.865000","2026-04-09T09:14:49.865000","service_8b4e6330-f72e-472c-8717-aa845a7a9be2","service+8b4e6330-f72e-472c-8717-aa845a7a9be2@no-reply.base44.com","false"
"2026-05-04","09:00","Social Media Editing Block","","","240","69d3590666100092a3240275","true","","Weekly","","Ralph D'Silva Motor Group SOCIALS","69d76e098a1da5267b852939","2026-04-09T09:14:49.845000","2026-04-09T09:14:49.845000","service_8b4e6330-f72e-472c-8717-aa845a7a9be2","service+8b4e6330-f72e-472c-8717-aa845a7a9be2@no-reply.base44.com","false"
"2026-05-18","09:00","Social Media Filming Block","","","240","69d3590666100092a3240275","true","","Weekly","","Ralph D'Silva Motor Group SOCIALS","69d76e097808788c1f6eda0d","2026-04-09T09:14:49.829000","2026-04-09T09:14:49.829000","service_8b4e6330-f72e-472c-8717-aa845a7a9be2","service+8b4e6330-f72e-472c-8717-aa845a7a9be2@no-reply.base44.com","false"
"2026-05-25","09:00","Social Media Filming Block","","","240","69d3590666100092a3240275","true","","Weekly","","Ralph D'Silva Motor Group SOCIALS","69d76e095c04cfa84f7efc64","2026-04-09T09:14:49.825000","2026-04-09T09:14:49.825000","service_8b4e6330-f72e-472c-8717-aa845a7a9be2","service+8b4e6330-f72e-472c-8717-aa845a7a9be2@no-reply.base44.com","false"
"2026-05-11","09:00","Social Media Filming Block","","","240","69d3590666100092a3240275","true","","Weekly","","Ralph D'Silva Motor Group SOCIALS","69d76e0966e143297aaa59ef","2026-04-09T09:14:49.375000","2026-04-09T09:14:49.375000","service_8b4e6330-f72e-472c-8717-aa845a7a9be2","service+8b4e6330-f72e-472c-8717-aa845a7a9be2@no-reply.base44.com","false"
"2026-04-20","09:00","Scheduling Block","","","60","69d3590666100092a3240275","true","","Weekly","","Ralph D'Silva Motor Group SOCIALS","69d76e098641bce934b16ef0","2026-04-09T09:14:49.375000","2026-04-09T09:14:49.375000","service_8b4e6330-f72e-472c-8717-aa845a7a9be2","service+8b4e6330-f72e-472c-8717-aa845a7a9be2@no-reply.base44.com","false"
"2026-04-27","09:00","Scheduling Block","","","60","69d3590666100092a3240275","true","","Weekly","","Ralph D'Silva Motor Group SOCIALS","69d76e093df8ce20bd99483b","2026-04-09T09:14:49.373000","2026-04-09T09:14:49.373000","service_8b4e6330-f72e-472c-8717-aa845a7a9be2","service+8b4e6330-f72e-472c-8717-aa845a7a9be2@no-reply.base44.com","false"
"2026-04-13","09:00","Scheduling Block","","","60","69d3590666100092a3240275","true","","Weekly","","Ralph D'Silva Motor Group SOCIALS","69d76e09d45809697c39fdf2","2026-04-09T09:14:49.355000","2026-04-09T09:14:49.355000","service_8b4e6330-f72e-472c-8717-aa845a7a9be2","service+8b4e6330-f72e-472c-8717-aa845a7a9be2@no-reply.base44.com","false"
"2026-05-04","09:00","Social Media Filming Block","","","240","69d3590666100092a3240275","true","","Weekly","","Ralph D'Silva Motor Group SOCIALS","69d76e09eb49b8154595f5cf","2026-04-09T09:14:49.329000","2026-04-09T09:14:49.329000","service_8b4e6330-f72e-472c-8717-aa845a7a9be2","service+8b4e6330-f72e-472c-8717-aa845a7a9be2@no-reply.base44.com","false"
"2026-04-27","09:00","Video Send-off Block","","","30","69d3590666100092a3240275","true","","Weekly","","Ralph D'Silva Motor Group SOCIALS","69d76e088e49a40115ca52e7","2026-04-09T09:14:48.843000","2026-04-09T09:14:48.843000","service_8b4e6330-f72e-472c-8717-aa845a7a9be2","service+8b4e6330-f72e-472c-8717-aa845a7a9be2@no-reply.base44.com","false"
"2026-04-06","09:00","Scheduling Block","","","60","69d3590666100092a3240275","true","","Weekly","","Ralph D'Silva Motor Group SOCIALS","69d76e080232676d8c985efc","2026-04-09T09:14:48.762000","2026-04-09T09:14:48.762000","service_8b4e6330-f72e-472c-8717-aa845a7a9be2","service+8b4e6330-f72e-472c-8717-aa845a7a9be2@no-reply.base44.com","false"
"2026-04-13","09:00","Video Send-off Block","","","30","69d3590666100092a3240275","true","","Weekly","","Ralph D'Silva Motor Group SOCIALS","69d76e08ae2a5dd39b8d8d8e","2026-04-09T09:14:48.760000","2026-04-09T09:14:48.760000","service_8b4e6330-f72e-472c-8717-aa845a7a9be2","service+8b4e6330-f72e-472c-8717-aa845a7a9be2@no-reply.base44.com","false"
"2026-04-20","09:00","Video Send-off Block","","","30","69d3590666100092a3240275","true","","Weekly","","Ralph D'Silva Motor Group SOCIALS","69d76e08dfef2aa577a89797","2026-04-09T09:14:48.756000","2026-04-09T09:14:48.756000","service_8b4e6330-f72e-472c-8717-aa845a7a9be2","service+8b4e6330-f72e-472c-8717-aa845a7a9be2@no-reply.base44.com","false"
"2026-04-06","09:00","Video Send-off Block","","","30","69d3590666100092a3240275","true","","Weekly","","Ralph D'Silva Motor Group SOCIALS","69d76e08362976b873fb13a8","2026-04-09T09:14:48.756000","2026-04-09T09:14:48.756000","service_8b4e6330-f72e-472c-8717-aa845a7a9be2","service+8b4e6330-f72e-472c-8717-aa845a7a9be2@no-reply.base44.com","false"
"2026-04-20","09:00","Social Media Editing Block","","","240","69d3590666100092a3240275","true","","Weekly","","Ralph D'Silva Motor Group SOCIALS","69d76e0817ecafcd77773459","2026-04-09T09:14:48.301000","2026-04-09T09:14:48.301000","service_8b4e6330-f72e-472c-8717-aa845a7a9be2","service+8b4e6330-f72e-472c-8717-aa845a7a9be2@no-reply.base44.com","false"
"2026-03-30","09:00","Strategy Meeting","","","30","69d3590666100092a3240275","true","","Monthly","","Ralph D'Silva Motor Group SOCIALS","69d76e08e2333a4ffefd9c23","2026-04-09T09:14:48.216000","2026-04-09T09:14:48.216000","service_8b4e6330-f72e-472c-8717-aa845a7a9be2","service+8b4e6330-f72e-472c-8717-aa845a7a9be2@no-reply.base44.com","false"
"2026-03-30","09:00","Content Planning Block","","","120","69d3590666100092a3240275","true","","Monthly","","Ralph D'Silva Motor Group SOCIALS","69d76e087599b8efe7d5732d","2026-04-09T09:14:48.207000","2026-04-09T09:14:48.207000","service_8b4e6330-f72e-472c-8717-aa845a7a9be2","service+8b4e6330-f72e-472c-8717-aa845a7a9be2@no-reply.base44.com","false"
"2026-04-27","09:00","Social Media Editing Block","","","240","69d3590666100092a3240275","true","","Weekly","","Ralph D'Silva Motor Group SOCIALS","69d76e0868a708d5b50890ba","2026-04-09T09:14:48.157000","2026-04-09T09:14:48.157000","service_8b4e6330-f72e-472c-8717-aa845a7a9be2","service+8b4e6330-f72e-472c-8717-aa845a7a9be2@no-reply.base44.com","false"
"2026-04-13","09:00","Social Media Editing Block","","","240","69d3590666100092a3240275","true","","Weekly","","Ralph D'Silva Motor Group SOCIALS","69d76e08c41b8641ee56bb38","2026-04-09T09:14:48.150000","2026-04-09T09:14:48.150000","service_8b4e6330-f72e-472c-8717-aa845a7a9be2","service+8b4e6330-f72e-472c-8717-aa845a7a9be2@no-reply.base44.com","false"
"2026-04-13","09:00","Social Media Filming Block","","","240","69d3590666100092a3240275","true","","Weekly","","Ralph D'Silva Motor Group SOCIALS","69d76e075636f00d764e2c6f","2026-04-09T09:14:47.656000","2026-04-09T09:14:47.656000","service_8b4e6330-f72e-472c-8717-aa845a7a9be2","service+8b4e6330-f72e-472c-8717-aa845a7a9be2@no-reply.base44.com","false"
"2026-04-06","09:00","Social Media Filming Block","","","240","69d3590666100092a3240275","true","","Weekly","","Ralph D'Silva Motor Group SOCIALS","69d76e075f80c809abad0cba","2026-04-09T09:14:47.638000","2026-04-09T09:14:47.638000","service_8b4e6330-f72e-472c-8717-aa845a7a9be2","service+8b4e6330-f72e-472c-8717-aa845a7a9be2@no-reply.base44.com","false"
"2026-04-27","09:00","Social Media Filming Block","","","240","69d3590666100092a3240275","true","","Weekly","","Ralph D'Silva Motor Group SOCIALS","69d76e0785a8b4c1de916f5a","2026-04-09T09:14:47.636000","2026-04-09T09:14:47.636000","service_8b4e6330-f72e-472c-8717-aa845a7a9be2","service+8b4e6330-f72e-472c-8717-aa845a7a9be2@no-reply.base44.com","false"
"2026-04-20","09:00","Social Media Filming Block","","","240","69d3590666100092a3240275","true","","Weekly","","Ralph D'Silva Motor Group SOCIALS","69d76e076a737883cd2d3b99","2026-04-09T09:14:47.636000","2026-04-09T09:14:47.636000","service_8b4e6330-f72e-472c-8717-aa845a7a9be2","service+8b4e6330-f72e-472c-8717-aa845a7a9be2@no-reply.base44.com","false"
"2026-04-06","09:00","Social Media Editing Block","","","240","69d3590666100092a3240275","true","","Weekly","","Ralph D'Silva Motor Group SOCIALS","69d76e0775b6963eacf466ea","2026-04-09T09:14:47.606000","2026-04-09T09:14:47.606000","service_8b4e6330-f72e-472c-8717-aa845a7a9be2","service+8b4e6330-f72e-472c-8717-aa845a7a9be2@no-reply.base44.com","false"
"2026-05-11","09:00","Ads Check and Optimise Block","","","20","69d3590666100092a3240274","false","69d24e4e2711543c1a4d5c44","Weekly","","Dominate","69d76e0786a9719a21c2f042","2026-04-09T09:14:47.419000","2026-04-09T09:14:47.419000","service_8b4e6330-f72e-472c-8717-aa845a7a9be2","service+8b4e6330-f72e-472c-8717-aa845a7a9be2@no-reply.base44.com","false"
"2026-05-18","09:00","Ads Check and Optimise Block","","","20","69d3590666100092a3240274","false","69d24e4e2711543c1a4d5c44","Weekly","","Dominate","69d76e078280703686f2d7ab","2026-04-09T09:14:47.410000","2026-04-09T09:14:47.410000","service_8b4e6330-f72e-472c-8717-aa845a7a9be2","service+8b4e6330-f72e-472c-8717-aa845a7a9be2@no-reply.base44.com","false"
"2026-04-27","09:00","Ads Check and Optimise Block","","","20","69d3590666100092a3240274","false","69d24e4e2711543c1a4d5c44","Weekly","","Dominate","69d76e065e33f2de251cf7aa","2026-04-09T09:14:46.903000","2026-04-09T09:14:46.903000","service_8b4e6330-f72e-472c-8717-aa845a7a9be2","service+8b4e6330-f72e-472c-8717-aa845a7a9be2@no-reply.base44.com","false"
"2026-04-20","09:00","Ad Scripting Block","","","60","69d3590666100092a3240274","true","","Monthly","","Dominate","69d76e065b5dbd603799225f","2026-04-09T09:14:46.896000","2026-04-09T09:14:46.896000","service_8b4e6330-f72e-472c-8717-aa845a7a9be2","service+8b4e6330-f72e-472c-8717-aa845a7a9be2@no-reply.base44.com","false"
"2026-05-04","09:00","Ads Check and Optimise Block","","","20","69d3590666100092a3240274","false","69d24e4e2711543c1a4d5c44","Weekly","","Dominate","69d76e0600c1580b6d4b855e","2026-04-09T09:14:46.890000","2026-04-09T09:14:46.890000","service_8b4e6330-f72e-472c-8717-aa845a7a9be2","service+8b4e6330-f72e-472c-8717-aa845a7a9be2@no-reply.base44.com","false"
"2026-04-20","09:00","Meta Ad Setup Block","","","120","69d3590666100092a3240274","true","","Monthly","","Dominate","69d76e06e7e7addda5a41812","2026-04-09T09:14:46.886000","2026-04-09T09:14:46.886000","service_8b4e6330-f72e-472c-8717-aa845a7a9be2","service+8b4e6330-f72e-472c-8717-aa845a7a9be2@no-reply.base44.com","false"
"2026-05-18","09:00","Scheduling Block","","","20","69d3590666100092a3240274","false","69d24e4e2711543c1a4d5c45","Weekly","","Dominate","69d76e06d2b29a434ee64062","2026-04-09T09:14:46.850000","2026-04-09T09:14:46.850000","service_8b4e6330-f72e-472c-8717-aa845a7a9be2","service+8b4e6330-f72e-472c-8717-aa845a7a9be2@no-reply.base44.com","false"
"2026-05-18","09:00","Video Send-off Block","","","15","69d3590666100092a3240274","false","69d24e4e2711543c1a4d5c45","Weekly","","Dominate","69d76e068e49a40115ca52e6","2026-04-09T09:14:46.375000","2026-04-09T09:14:46.375000","service_8b4e6330-f72e-472c-8717-aa845a7a9be2","service+8b4e6330-f72e-472c-8717-aa845a7a9be2@no-reply.base44.com","false"
"2026-05-11","09:00","Video Send-off Block","","","15","69d3590666100092a3240274","false","69d24e4e2711543c1a4d5c45","Weekly","","Dominate","69d76e042d81e3e4e0c0674c","2026-04-09T09:14:44.977000","2026-04-09T09:14:44.977000","service_8b4e6330-f72e-472c-8717-aa845a7a9be2","service+8b4e6330-f72e-472c-8717-aa845a7a9be2@no-reply.base44.com","false"
"2026-05-11","09:00","Scheduling Block","","","20","69d3590666100092a3240274","false","69d24e4e2711543c1a4d5c45","Weekly","","Dominate","69d76e04d793a34623acffab","2026-04-09T09:14:44.957000","2026-04-09T09:14:44.957000","service_8b4e6330-f72e-472c-8717-aa845a7a9be2","service+8b4e6330-f72e-472c-8717-aa845a7a9be2@no-reply.base44.com","false"
"2026-05-04","09:00","Scheduling Block","","","20","69d3590666100092a3240274","false","69d24e4e2711543c1a4d5c45","Weekly","","Dominate","69d76e0485a8b4c1de916f58","2026-04-09T09:14:44.956000","2026-04-09T09:14:44.956000","service_8b4e6330-f72e-472c-8717-aa845a7a9be2","service+8b4e6330-f72e-472c-8717-aa845a7a9be2@no-reply.base44.com","false"
"2026-04-27","09:00","Scheduling Block","","","20","69d3590666100092a3240274","false","69d24e4e2711543c1a4d5c45","Weekly","","Dominate","69d76e045b5dbd603799225e","2026-04-09T09:14:44.900000","2026-04-09T09:14:44.900000","service_8b4e6330-f72e-472c-8717-aa845a7a9be2","service+8b4e6330-f72e-472c-8717-aa845a7a9be2@no-reply.base44.com","false"
"2026-04-27","09:00","Video Send-off Block","","","15","69d3590666100092a3240274","false","69d24e4e2711543c1a4d5c45","Weekly","","Dominate","69d76e0485a8b4c1de916f57","2026-04-09T09:14:44.444000","2026-04-09T09:14:44.444000","service_8b4e6330-f72e-472c-8717-aa845a7a9be2","service+8b4e6330-f72e-472c-8717-aa845a7a9be2@no-reply.base44.com","false"
"2026-04-20","09:00","Content Planning Block","","","90","69d3590666100092a3240274","true","","Monthly","","Dominate","69d76e04f96c3fbfe1d65dc1","2026-04-09T09:14:44.432000","2026-04-09T09:14:44.432000","service_8b4e6330-f72e-472c-8717-aa845a7a9be2","service+8b4e6330-f72e-472c-8717-aa845a7a9be2@no-reply.base44.com","false"
"2026-05-04","09:00","Video Send-off Block","","","15","69d3590666100092a3240274","false","69d24e4e2711543c1a4d5c45","Weekly","","Dominate","69d76e04e1e043df5a8623d6","2026-04-09T09:14:44.422000","2026-04-09T09:14:44.422000","service_8b4e6330-f72e-472c-8717-aa845a7a9be2","service+8b4e6330-f72e-472c-8717-aa845a7a9be2@no-reply.base44.com","false"
"2026-04-27","09:00","Ad Editing Block","","","120","69d3590666100092a3240274","true","","Monthly","","Dominate","69d76e048641bce934b16eee","2026-04-09T09:14:44.350000","2026-04-09T09:14:44.350000","service_8b4e6330-f72e-472c-8717-aa845a7a9be2","service+8b4e6330-f72e-472c-8717-aa845a7a9be2@no-reply.base44.com","false"
"2026-04-20","09:00","Strategy Meeting","","","30","69d3590666100092a3240274","true","","Monthly","","Dominate","69d76e04854dfdb2f33027ce","2026-04-09T09:14:44.349000","2026-04-09T09:14:44.349000","service_8b4e6330-f72e-472c-8717-aa845a7a9be2","service+8b4e6330-f72e-472c-8717-aa845a7a9be2@no-reply.base44.com","false"
"2026-04-27","09:00","Ad Filming Block","","","90","69d3590666100092a3240274","true","","Monthly","","Dominate","69d76e0345643c5202370afb","2026-04-09T09:14:43.807000","2026-04-09T09:14:43.807000","service_8b4e6330-f72e-472c-8717-aa845a7a9be2","service+8b4e6330-f72e-472c-8717-aa845a7a9be2@no-reply.base44.com","false"
"2026-05-11","09:00","Social Media Editing Block","","","90","69d3590666100092a3240274","false","69d24e4e2711543c1a4d5c4b","Weekly","","Dominate","69d76e03ac27caaecb312af0","2026-04-09T09:14:43.790000","2026-04-09T09:14:43.790000","service_8b4e6330-f72e-472c-8717-aa845a7a9be2","service+8b4e6330-f72e-472c-8717-aa845a7a9be2@no-reply.base44.com","false"
"2026-05-18","09:00","Social Media Editing Block","","","90","69d3590666100092a3240274","false","69d24e4e2711543c1a4d5c4b","Weekly","","Dominate","69d76e036a39e76e46f5e991","2026-04-09T09:14:43.787000","2026-04-09T09:14:43.787000","service_8b4e6330-f72e-472c-8717-aa845a7a9be2","service+8b4e6330-f72e-472c-8717-aa845a7a9be2@no-reply.base44.com","false"
"2026-04-27","09:00","Social Media Editing Block","","","90","69d3590666100092a3240274","false","69d24e4e2711543c1a4d5c4b","Weekly","","Dominate","69d76e03127fde01fa78f7d0","2026-04-09T09:14:43.779000","2026-04-09T09:14:43.779000","service_8b4e6330-f72e-472c-8717-aa845a7a9be2","service+8b4e6330-f72e-472c-8717-aa845a7a9be2@no-reply.base44.com","false"
"2026-05-04","09:00","Social Media Editing Block","","","90","69d3590666100092a3240274","false","69d24e4e2711543c1a4d5c4b","Weekly","","Dominate","69d76e039873c6b086c2be18","2026-04-09T09:14:43.755000","2026-04-09T09:14:43.755000","service_8b4e6330-f72e-472c-8717-aa845a7a9be2","service+8b4e6330-f72e-472c-8717-aa845a7a9be2@no-reply.base44.com","false"
"2026-04-27","09:00","Social Media Filming Block","","","90","69d3590666100092a3240274","false","69d71f573d8a40c016bdf49d","Weekly","","Dominate","69d76e033cd63481d5cf3883","2026-04-09T09:14:43.249000","2026-04-09T09:14:43.249000","service_8b4e6330-f72e-472c-8717-aa845a7a9be2","service+8b4e6330-f72e-472c-8717-aa845a7a9be2@no-reply.base44.com","false"
"2026-05-04","09:00","Social Media Filming Block","","","90","69d3590666100092a3240274","false","69d71f573d8a40c016bdf49d","Weekly","","Dominate","69d76e031b6d8eae5d44171c","2026-04-09T09:14:43.209000","2026-04-09T09:14:43.209000","service_8b4e6330-f72e-472c-8717-aa845a7a9be2","service+8b4e6330-f72e-472c-8717-aa845a7a9be2@no-reply.base44.com","false"
"2026-05-11","09:00","Social Media Filming Block","","","90","69d3590666100092a3240274","false","69d71f573d8a40c016bdf49d","Weekly","","Dominate","69d76e03c85dd372936e61f4","2026-04-09T09:14:43.203000","2026-04-09T09:14:43.203000","service_8b4e6330-f72e-472c-8717-aa845a7a9be2","service+8b4e6330-f72e-472c-8717-aa845a7a9be2@no-reply.base44.com","false"
"2026-05-18","09:00","Social Media Filming Block","","","90","69d3590666100092a3240274","false","69d71f573d8a40c016bdf49d","Weekly","","Dominate","69d76e0340866f2ea1fea71b","2026-04-09T09:14:43.178000","2026-04-09T09:14:43.178000","service_8b4e6330-f72e-472c-8717-aa845a7a9be2","service+8b4e6330-f72e-472c-8717-aa845a7a9be2@no-reply.base44.com","false"
"2026-04-20","09:00","Ads Check and Optimise Block","","","20","69d3590666100092a3240274","false","69d24e4e2711543c1a4d5c44","Weekly","","Dominate","69d76e035edaec8631f23144","2026-04-09T09:14:43.178000","2026-04-09T09:14:43.178000","service_8b4e6330-f72e-472c-8717-aa845a7a9be2","service+8b4e6330-f72e-472c-8717-aa845a7a9be2@no-reply.base44.com","false"
"2026-03-23","09:00","Meta Ad Setup Block","","","120","69d3590666100092a3240274","true","","Monthly","","Dominate","69d76e025526355c711d2b50","2026-04-09T09:14:42.704000","2026-04-09T09:14:42.704000","service_8b4e6330-f72e-472c-8717-aa845a7a9be2","service+8b4e6330-f72e-472c-8717-aa845a7a9be2@no-reply.base44.com","false"
"2026-04-06","09:00","Ads Check and Optimise Block","","","20","69d3590666100092a3240274","false","69d24e4e2711543c1a4d5c44","Weekly","","Dominate","69d76e02eeffedd8d505062a","2026-04-09T09:14:42.695000","2026-04-09T09:14:42.695000","service_8b4e6330-f72e-472c-8717-aa845a7a9be2","service+8b4e6330-f72e-472c-8717-aa845a7a9be2@no-reply.base44.com","false"
"2026-03-30","09:00","Ads Check and Optimise Block","","","20","69d3590666100092a3240274","false","69d24e4e2711543c1a4d5c44","Weekly","","Dominate","69d76e024601b52613ac9dbc","2026-04-09T09:14:42.692000","2026-04-09T09:14:42.692000","service_8b4e6330-f72e-472c-8717-aa845a7a9be2","service+8b4e6330-f72e-472c-8717-aa845a7a9be2@no-reply.base44.com","false"
"2026-03-23","09:00","Ad Scripting Block","","","60","69d3590666100092a3240274","true","","Monthly","","Dominate","69d76e0259bc2c04503600c6","2026-04-09T09:14:42.678000","2026-04-09T09:14:42.678000","service_8b4e6330-f72e-472c-8717-aa845a7a9be2","service+8b4e6330-f72e-472c-8717-aa845a7a9be2@no-reply.base44.com","false"
"2026-04-13","09:00","Ads Check and Optimise Block","","","20","69d3590666100092a3240274","false","69d24e4e2711543c1a4d5c44","Weekly","","Dominate","69d76e02dfef2aa577a89791","2026-04-09T09:14:42.667000","2026-04-09T09:14:42.667000","service_8b4e6330-f72e-472c-8717-aa845a7a9be2","service+8b4e6330-f72e-472c-8717-aa845a7a9be2@no-reply.base44.com","false"
"2026-04-13","09:00","Scheduling Block","","","20","69d3590666100092a3240274","false","69d24e4e2711543c1a4d5c45","Weekly","","Dominate","69d76e02e796d037721fc7b7","2026-04-09T09:14:42.169000","2026-04-09T09:14:42.169000","service_8b4e6330-f72e-472c-8717-aa845a7a9be2","service+8b4e6330-f72e-472c-8717-aa845a7a9be2@no-reply.base44.com","false"
"2026-03-30","09:00","Scheduling Block","","","20","69d3590666100092a3240274","false","69d24e4e2711543c1a4d5c45","Weekly","","Dominate","69d76e023105bb0647711db1","2026-04-09T09:14:42.151000","2026-04-09T09:14:42.151000","service_8b4e6330-f72e-472c-8717-aa845a7a9be2","service+8b4e6330-f72e-472c-8717-aa845a7a9be2@no-reply.base44.com","false"
"2026-04-20","09:00","Scheduling Block","","","20","69d3590666100092a3240274","false","69d24e4e2711543c1a4d5c45","Weekly","","Dominate","69d76e02c2928e1a610c3ca0","2026-04-09T09:14:42.131000","2026-04-09T09:14:42.131000","service_8b4e6330-f72e-472c-8717-aa845a7a9be2","service+8b4e6330-f72e-472c-8717-aa845a7a9be2@no-reply.base44.com","false"
"2026-04-20","09:00","Video Send-off Block","","","15","69d3590666100092a3240274","false","69d24e4e2711543c1a4d5c45","Weekly","","Dominate","69d76e02b1d85ac2dbc0b474","2026-04-09T09:14:42.111000","2026-04-09T09:14:42.111000","service_8b4e6330-f72e-472c-8717-aa845a7a9be2","service+8b4e6330-f72e-472c-8717-aa845a7a9be2@no-reply.base44.com","false"
"2026-04-06","09:00","Scheduling Block","","","20","69d3590666100092a3240274","false","69d24e4e2711543c1a4d5c45","Weekly","","Dominate","69d76e02aee3a59927c0fcf6","2026-04-09T09:14:42.065000","2026-04-09T09:14:42.065000","service_8b4e6330-f72e-472c-8717-aa845a7a9be2","service+8b4e6330-f72e-472c-8717-aa845a7a9be2@no-reply.base44.com","false"
"2026-03-23","09:00","Strategy Meeting","","","30","69d3590666100092a3240274","true","","Monthly","","Dominate","69d76e017599b8efe7d57326","2026-04-09T09:14:41.603000","2026-04-09T09:14:41.603000","service_8b4e6330-f72e-472c-8717-aa845a7a9be2","service+8b4e6330-f72e-472c-8717-aa845a7a9be2@no-reply.base44.com","false"
"2026-04-06","09:00","Video Send-off Block","","","15","69d3590666100092a3240274","false","69d24e4e2711543c1a4d5c45","Weekly","","Dominate","69d76e01ffb9b18a46f2a17e","2026-04-09T09:14:41.562000","2026-04-09T09:25:34.108000","service_8b4e6330-f72e-472c-8717-aa845a7a9be2","service+8b4e6330-f72e-472c-8717-aa845a7a9be2@no-reply.base44.com","false"
"2026-03-23","09:00","Content Planning Block","","","90","69d3590666100092a3240274","true","","Monthly","","Dominate","69d76e01aaefe7c8b1da1808","2026-04-09T09:14:41.502000","2026-04-09T09:14:41.502000","service_8b4e6330-f72e-472c-8717-aa845a7a9be2","service+8b4e6330-f72e-472c-8717-aa845a7a9be2@no-reply.base44.com","false"
"2026-04-13","09:00","Video Send-off Block","","","15","69d3590666100092a3240274","false","69d24e4e2711543c1a4d5c45","Weekly","","Dominate","69d76e01516df5978c6b1301","2026-04-09T09:14:41.485000","2026-04-09T09:14:41.485000","service_8b4e6330-f72e-472c-8717-aa845a7a9be2","service+8b4e6330-f72e-472c-8717-aa845a7a9be2@no-reply.base44.com","false"
"2026-03-30","09:00","Video Send-off Block","","","15","69d3590666100092a3240274","false","69d24e4e2711543c1a4d5c45","Weekly","","Dominate","69d76e01c1c1f0055cf4b37f","2026-04-09T09:14:41.485000","2026-04-09T09:14:41.485000","service_8b4e6330-f72e-472c-8717-aa845a7a9be2","service+8b4e6330-f72e-472c-8717-aa845a7a9be2@no-reply.base44.com","false"
"2026-04-07","09:00","Social Media Editing Block","","","90","69d3590666100092a3240274","false","69d24e4e2711543c1a4d5c4b","Weekly","","Dominate","69d76e01963d349cf9cbae12","2026-04-09T09:14:41.031000","2026-04-09T09:25:19.358000","service_8b4e6330-f72e-472c-8717-aa845a7a9be2","service+8b4e6330-f72e-472c-8717-aa845a7a9be2@no-reply.base44.com","false"
"2026-03-31","09:00","Social Media Editing Block","","","90","69d3590666100092a3240274","false","69d24e4e2711543c1a4d5c4b","Weekly","","Dominate","69d76e013ad135c681835caf","2026-04-09T09:14:41","2026-04-09T09:29:40.054000","service_8b4e6330-f72e-472c-8717-aa845a7a9be2","service+8b4e6330-f72e-472c-8717-aa845a7a9be2@no-reply.base44.com","false"
"2026-04-01","09:00","Ad Editing Block","","","120","69d3590666100092a3240274","false","69d24e4e2711543c1a4d5c4b","Monthly","","Dominate","69d76e00e4617fa425760c0a","2026-04-09T09:14:40.996000","2026-04-09T09:30:31.110000","service_8b4e6330-f72e-472c-8717-aa845a7a9be2","service+8b4e6330-f72e-472c-8717-aa845a7a9be2@no-reply.base44.com","false"
"2026-04-20","09:00","Social Media Editing Block","","","90","69d3590666100092a3240274","false","69d24e4e2711543c1a4d5c4b","Weekly","","Dominate","69d76e00e6618a7b699bfa05","2026-04-09T09:14:40.958000","2026-04-09T09:14:40.958000","service_8b4e6330-f72e-472c-8717-aa845a7a9be2","service+8b4e6330-f72e-472c-8717-aa845a7a9be2@no-reply.base44.com","false"
"2026-04-14","09:00","Social Media Editing Block","","","90","69d3590666100092a3240274","false","69d24e4e2711543c1a4d5c4b","Weekly","","Dominate","69d76e00b3408bb4014b6f8a","2026-04-09T09:14:40.956000","2026-04-10T11:24:19.082000","service_8b4e6330-f72e-472c-8717-aa845a7a9be2","service+8b4e6330-f72e-472c-8717-aa845a7a9be2@no-reply.base44.com","false"
"2026-04-06","09:00","Social Media Filming Block","","","90","69d3590666100092a3240274","false","69d71f573d8a40c016bdf49d","Weekly","","Dominate","69d76e000f2d005cca6e6628","2026-04-09T09:14:40.491000","2026-04-09T09:25:09.564000","service_8b4e6330-f72e-472c-8717-aa845a7a9be2","service+8b4e6330-f72e-472c-8717-aa845a7a9be2@no-reply.base44.com","false"
"2026-03-31","10:30","Ad Filming Block","","","90","69d3590666100092a3240274","false","69d71f573d8a40c016bdf49d","Monthly","","Dominate","69d76e008f1b7a9b589ad940","2026-04-09T09:14:40.481000","2026-04-09T09:32:34.019000","service_8b4e6330-f72e-472c-8717-aa845a7a9be2","service+8b4e6330-f72e-472c-8717-aa845a7a9be2@no-reply.base44.com","false"
"2026-04-13","09:00","Social Media Filming Block","","","90","69d3590666100092a3240274","false","69d71f573d8a40c016bdf49d","Weekly","","Dominate","69d76e00e1e043df5a8623d3","2026-04-09T09:14:40.438000","2026-04-09T09:32:54.011000","service_8b4e6330-f72e-472c-8717-aa845a7a9be2","service+8b4e6330-f72e-472c-8717-aa845a7a9be2@no-reply.base44.com","false"
"2026-04-20","09:00","Social Media Filming Block","","","90","69d3590666100092a3240274","false","69d71f573d8a40c016bdf49d","Weekly","","Dominate","69d76e00699cd08153be37c1","2026-04-09T09:14:40.352000","2026-04-09T09:14:40.352000","service_8b4e6330-f72e-472c-8717-aa845a7a9be2","service+8b4e6330-f72e-472c-8717-aa845a7a9be2@no-reply.base44.com","false"
"2026-03-30","09:00","Social Media Filming Block","","","90","69d3590666100092a3240274","false","69d71f573d8a40c016bdf49d","Weekly","","Dominate","69d76e00ca80183229d72a5b","2026-04-09T09:14:40.344000","2026-04-09T09:14:40.344000","service_8b4e6330-f72e-472c-8717-aa845a7a9be2","service+8b4e6330-f72e-472c-8717-aa845a7a9be2@no-reply.base44.com","false"
"2026-04-28","09:00","Social Media Filming Block","","","240","69d3590666100092a3240275","false","69d71f573d8a40c016bdf49d","Weekly","","Ralph D'Silva Motor Group SOCIALS","69d7539c09037f288afdaffa","2026-04-09T07:22:04.484000","2026-04-09T07:45:06.700000","69d70dd55e510051573677eb","braeden@scrmmedia.com.au","false"
"2026-04-21","09:00","Social Media Filming Block","","","240","69d3590666100092a3240275","false","69d71f573d8a40c016bdf49d","Weekly","","Ralph D'Silva Motor Group SOCIALS","69d7539caef8c96bb8974c53","2026-04-09T07:22:04.268000","2026-04-09T07:45:08.127000","69d70dd55e510051573677eb","braeden@scrmmedia.com.au","false"
"2026-04-14","09:00","Social Media Filming Block","","","240","69d3590666100092a3240275","false","69d71f573d8a40c016bdf49d","Weekly","","Ralph D'Silva Motor Group SOCIALS","69d7539c967ea6ff0c6e8f14","2026-04-09T07:22:04.004000","2026-04-09T07:45:07.745000","69d70dd55e510051573677eb","braeden@scrmmedia.com.au","false"
"2026-05-01","09:40","Scheduling Block","","","10","69d3590666100092a324027c","true","","None","manual-69d3590666100092a324027c-1775718679733","","69d75117f5a2527da1d27acb","2026-04-09T07:11:19.913000","2026-04-09T07:13:48.924000","69d70dd55e510051573677eb","braeden@scrmmedia.com.au","false"
"2026-04-24","09:40","Scheduling Block","","","10","69d3590666100092a324027c","false","69d24e4e2711543c1a4d5c45","Weekly","","Werribee Automotive Group SOCIALS","69d750969d42ed1898fa3f5f","2026-04-09T07:09:10.177000","2026-04-09T07:48:58.668000","69d70dd55e510051573677eb","braeden@scrmmedia.com.au","false"
"2026-04-17","09:40","Scheduling Block","","","10","69d3590666100092a324027c","false","69d24e4e2711543c1a4d5c45","Weekly","","Werribee Automotive Group SOCIALS","69d75095dc0962e915a5ea34","2026-04-09T07:09:09.918000","2026-04-09T07:49:09.181000","69d70dd55e510051573677eb","braeden@scrmmedia.com.au","false"
"2026-04-28","11:00","Video Send-off Block","","","10","69d3590666100092a324027c","false","69d24e4e2711543c1a4d5c45","Weekly","","Werribee Automotive Group SOCIALS","69d75090514db2e08a9a679e","2026-04-09T07:09:04.845000","2026-04-09T07:49:00.994000","69d70dd55e510051573677eb","braeden@scrmmedia.com.au","false"
"2026-04-21","11:00","Video Send-off Block","","","10","69d3590666100092a324027c","false","69d24e4e2711543c1a4d5c45","Weekly","","Werribee Automotive Group SOCIALS","69d75090cd56ce6ceb1a53ba","2026-04-09T07:09:04.614000","2026-04-09T07:49:00.425000","69d70dd55e510051573677eb","braeden@scrmmedia.com.au","false"
"2026-04-14","11:00","Video Send-off Block","","","10","69d3590666100092a324027c","false","69d24e4e2711543c1a4d5c45","Weekly","","Werribee Automotive Group SOCIALS","69d75090d66c53f204344939","2026-04-09T07:09:04.366000","2026-04-09T07:49:10.894000","69d70dd55e510051573677eb","braeden@scrmmedia.com.au","false"
"2026-04-28","10:00","Social Media Editing Block","","","60","69d3590666100092a324027c","false","69d24e4e2711543c1a4d5c4b","Weekly","","Werribee Automotive Group SOCIALS","69d7507d226ebf566efe4cae","2026-04-09T07:08:45.678000","2026-04-09T07:49:03.345000","69d70dd55e510051573677eb","braeden@scrmmedia.com.au","false"
"2026-04-21","10:00","Social Media Editing Block","","","60","69d3590666100092a324027c","false","69d24e4e2711543c1a4d5c4b","Weekly","","Werribee Automotive Group SOCIALS","69d7507d261c09768bbfb944","2026-04-09T07:08:45.450000","2026-04-09T07:49:02.772000","69d70dd55e510051573677eb","braeden@scrmmedia.com.au","false"
"2026-04-14","10:00","Social Media Editing Block","","","60","69d3590666100092a324027c","false","69d24e4e2711543c1a4d5c4b","Weekly","","Werribee Automotive Group SOCIALS","69d7507df6b72bd77048136c","2026-04-09T07:08:45.171000","2026-04-09T07:49:12.626000","69d70dd55e510051573677eb","braeden@scrmmedia.com.au","false"
"2026-04-20","11:30","Social Media Filming Block","","","60","69d3590666100092a324027c","false","69d71f573d8a40c016bdf49d","Weekly","","Werribee Automotive Group SOCIALS","69d7506edd7656b411e07bdf","2026-04-09T07:08:30.443000","2026-04-09T07:49:04.502000","69d70dd55e510051573677eb","braeden@scrmmedia.com.au","false"
"2026-05-01","09:30","Scheduling Block","","","10","69d3590666100092a3240278","true","","None","manual-69d3590666100092a3240278-1775718362298","","69d74fda7cc4757db78bf47e","2026-04-09T07:06:02.433000","2026-04-09T07:06:08.682000","69d70dd55e510051573677eb","braeden@scrmmedia.com.au","false"
"2026-04-24","09:30","Scheduling Block","","","10","69d3590666100092a3240278","false","69d24e4e2711543c1a4d5c45","Weekly","","Werribee Automotive Group SOCIALS","69d74df0e4b263294edf9f5e","2026-04-09T06:57:52.010000","2026-04-09T07:46:02.086000","69d70dd55e510051573677eb","braeden@scrmmedia.com.au","false"
"2026-04-17","09:30","Scheduling Block","","","10","69d3590666100092a3240278","false","69d24e4e2711543c1a4d5c45","Weekly","","Werribee Automotive Group SOCIALS","69d74def91c996079d0573a1","2026-04-09T06:57:51.721000","2026-04-09T07:46:00.109000","69d70dd55e510051573677eb","braeden@scrmmedia.com.au","false"
"2026-04-28","10:00","Video Send-off Block","","","10","69d3590666100092a3240278","false","69d24e4e2711543c1a4d5c45","Weekly","","Werribee Automotive Group SOCIALS","69d74de88be697a677e0c593","2026-04-09T06:57:44.754000","2026-04-09T07:46:01.329000","69d70dd55e510051573677eb","braeden@scrmmedia.com.au","false"
"2026-04-21","10:00","Video Send-off Block","","","10","69d3590666100092a3240278","false","69d24e4e2711543c1a4d5c45","Weekly","","Werribee Automotive Group SOCIALS","69d74de830f5a78d3ee63db1","2026-04-09T06:57:44.465000","2026-04-09T07:46:01.143000","69d70dd55e510051573677eb","braeden@scrmmedia.com.au","false"
"2026-04-14","10:00","Video Send-off Block","","","10","69d3590666100092a3240278","false","69d24e4e2711543c1a4d5c45","Weekly","","Werribee Automotive Group SOCIALS","69d74de86c566ebab6f826bb","2026-04-09T06:57:44.232000","2026-04-09T07:45:59.571000","69d70dd55e510051573677eb","braeden@scrmmedia.com.au","false"
"2026-04-28","09:00","Social Media Editing Block","","","60","69d3590666100092a3240278","false","69d24e4e2711543c1a4d5c4b","Weekly","","Werribee Automotive Group SOCIALS","69d74de4674916b9123a2852","2026-04-09T06:57:40.098000","2026-04-09T07:46:00.445000","69d70dd55e510051573677eb","braeden@scrmmedia.com.au","false"
"2026-04-21","09:00","Social Media Editing Block","","","60","69d3590666100092a3240278","false","69d24e4e2711543c1a4d5c4b","Weekly","","Werribee Automotive Group SOCIALS","69d74de35285be8044ff3c71","2026-04-09T06:57:39.835000","2026-04-09T07:46:00.276000","69d70dd55e510051573677eb","braeden@scrmmedia.com.au","false"
"2026-04-14","09:00","Social Media Editing Block","","","60","69d3590666100092a3240278","false","69d24e4e2711543c1a4d5c4b","Weekly","","Werribee Automotive Group SOCIALS","69d74de3d9d5d825462527e8","2026-04-09T06:57:39.507000","2026-04-09T07:45:14.509000","69d70dd55e510051573677eb","braeden@scrmmedia.com.au","false"
"2026-04-22","11:00","Social Media Editing Block","","","90","69d3590666100092a3240271","false","69d24e4e2711543c1a4d5c4b","Weekly","","Dominate","69d7488bcad3a55c38f45e16","2026-04-09T06:34:51.312000","2026-04-09T07:48:34.798000","anonymous","anonymous","false"
"2026-04-15","11:00","Social Media Editing Block","","","90","69d3590666100092a3240271","false","69d24e4e2711543c1a4d5c4b","Weekly","","Dominate","69d7488b285e72897cccb35d","2026-04-09T06:34:51.068000","2026-04-09T07:48:33.613000","anonymous","anonymous","false"
"2026-04-09","14:45","Inventory Photos & Uploading Block","","","120","69d3590666100092a3240273","false","69d71f573d8a40c016bdf49d","None","manual-69d3590666100092a3240273-1775709910373","","69d72ed78e78580b50f7efe8","2026-04-09T04:45:11.281000","2026-04-09T06:12:42.059000","anonymous","anonymous","false"
"2026-04-10","13:00","Video Send-off Block","","","10","69d3590666100092a324027a","false","69d24e4e2711543c1a4d5c45","None","manual-69d3590666100092a324027a-1775709820427","","69d72e7dae4eba0fa2e83f44","2026-04-09T04:43:41.151000","2026-04-09T06:13:45.170000","anonymous","anonymous","false"
"2026-04-10","11:00","Social Media Editing Block","","","120","69d3590666100092a324027a","false","69d24e4e2711543c1a4d5c4b","None","manual-69d3590666100092a324027a-1775709763910","","69d72e44e5a413a20e601106","2026-04-09T04:42:44.742000","2026-04-09T06:13:42.430000","anonymous","anonymous","false"
"2026-04-09","12:00","Social Media Filming Block","","","150","69d3590666100092a324027a","false","69d71f573d8a40c016bdf49d","None","manual-69d3590666100092a324027a-1775709600873","","69d72da1856007de4fa11236","2026-04-09T04:40:01.997000","2026-04-09T06:12:37.478000","anonymous","anonymous","false"
"2026-04-06","14:00","Inventory Photos & Uploading Block","","","180","69d3590666100092a3240273","false","69d71f573d8a40c016bdf49d","None","manual-69d3590666100092a3240273-1775708095956","","69d727c08aedc4ab5e20c024","2026-04-09T04:14:56.674000","2026-04-10T11:23:45.325000","anonymous","anonymous","false"
"2026-04-06","10:30","CarBee Filming & Uploading Block","","","60","69d3590666100092a3240274","false","69d71f573d8a40c016bdf49d","Weekly","manual-69d3590666100092a3240274-1775708075135","","69d727ab4c4fbe5ddd029519","2026-04-09T04:14:35.851000","2026-04-09T06:08:45.764000","anonymous","anonymous","false"
"2026-03-23","09:00","Strategy Meeting","","","30","69d3590666100092a324027c","true","","Monthly","","Werribee Automotive Group SOCIALS","69d722982cf1049b51d50117","2026-04-09T03:52:56.128000","2026-04-09T07:49:13.771000","69d70dd55e510051573677eb","braeden@scrmmedia.com.au","false"
"2026-03-23","09:00","Content Planning Block","","","60","69d3590666100092a324027c","true","","Monthly","","Werribee Automotive Group SOCIALS","69d722982cf1049b51d50118","2026-04-09T03:52:56.128000","2026-04-09T07:49:13.195000","69d70dd55e510051573677eb","braeden@scrmmedia.com.au","false"
"2026-03-30","09:00","Social Media Filming Block","","","60","69d3590666100092a324027c","true","","Weekly","","Werribee Automotive Group SOCIALS","69d722982cf1049b51d50119","2026-04-09T03:52:56.128000","2026-04-09T07:49:06.233000","69d70dd55e510051573677eb","braeden@scrmmedia.com.au","false"
"2026-03-30","09:00","Social Media Editing Block","","","60","69d3590666100092a324027c","true","","Weekly","","Werribee Automotive Group SOCIALS","69d722982cf1049b51d5011a","2026-04-09T03:52:56.128000","2026-04-09T07:49:11.458000","69d70dd55e510051573677eb","braeden@scrmmedia.com.au","false"
"2026-03-30","09:00","Video Send-off Block","","","10","69d3590666100092a324027c","true","","Weekly","","Werribee Automotive Group SOCIALS","69d722982cf1049b51d5011b","2026-04-09T03:52:56.128000","2026-04-09T07:49:09.741000","69d70dd55e510051573677eb","braeden@scrmmedia.com.au","false"
"2026-03-30","09:00","Scheduling Block","","","10","69d3590666100092a324027c","true","","Weekly","","Werribee Automotive Group SOCIALS","69d722982cf1049b51d5011c","2026-04-09T03:52:56.128000","2026-04-09T07:49:08.029000","69d70dd55e510051573677eb","braeden@scrmmedia.com.au","false"
"2026-04-06","11:30","Social Media Filming Block","","","60","69d3590666100092a324027c","false","69d71f573d8a40c016bdf49d","Weekly","","Werribee Automotive Group SOCIALS","69d722982cf1049b51d5011d","2026-04-09T03:52:56.128000","2026-04-09T07:49:06.848000","69d70dd55e510051573677eb","braeden@scrmmedia.com.au","false"
"2026-04-07","10:00","Social Media Editing Block","","","60","69d3590666100092a324027c","false","69d24e4e2711543c1a4d5c4b","Weekly","","Werribee Automotive Group SOCIALS","69d722982cf1049b51d5011e","2026-04-09T03:52:56.128000","2026-04-09T07:49:12.053000","69d70dd55e510051573677eb","braeden@scrmmedia.com.au","false"
"2026-04-07","11:00","Video Send-off Block","","","10","69d3590666100092a324027c","false","69d24e4e2711543c1a4d5c45","Weekly","","Werribee Automotive Group SOCIALS","69d722982cf1049b51d5011f","2026-04-09T03:52:56.128000","2026-04-09T07:49:10.313000","69d70dd55e510051573677eb","braeden@scrmmedia.com.au","false"
"2026-04-10","09:40","Scheduling Block","","","10","69d3590666100092a324027c","false","69d24e4e2711543c1a4d5c45","Weekly","","Werribee Automotive Group SOCIALS","69d722982cf1049b51d50120","2026-04-09T03:52:56.128000","2026-04-09T07:49:08.622000","69d70dd55e510051573677eb","braeden@scrmmedia.com.au","false"
"2026-04-13","11:30","Social Media Filming Block","","","60","69d3590666100092a324027c","false","69d71f573d8a40c016bdf49d","Weekly","","Werribee Automotive Group SOCIALS","69d722982cf1049b51d50121","2026-04-09T03:52:56.128000","2026-04-09T07:49:07.417000","69d70dd55e510051573677eb","braeden@scrmmedia.com.au","false"
"2026-04-20","09:00","Content Planning Block","","","60","69d3590666100092a324027c","true","","Monthly","","Werribee Automotive Group SOCIALS","69d722982cf1049b51d50124","2026-04-09T03:52:56.128000","2026-04-09T07:49:05.665000","69d70dd55e510051573677eb","braeden@scrmmedia.com.au","false"
"2026-05-04","09:00","Video Send-off Block","","","10","69d3590666100092a324027c","true","","Weekly","","Werribee Automotive Group SOCIALS","69d722982cf1049b51d50127","2026-04-09T03:52:56.128000","2026-04-09T07:49:01.591000","69d70dd55e510051573677eb","braeden@scrmmedia.com.au","false"
"2026-05-04","09:00","Scheduling Block","","","10","69d3590666100092a324027c","true","","Weekly","","Werribee Automotive Group SOCIALS","69d722982cf1049b51d50128","2026-04-09T03:52:56.128000","2026-04-09T07:48:59.260000","69d70dd55e510051573677eb","braeden@scrmmedia.com.au","false"
"2026-05-11","09:00","Social Media Filming Block","","","60","69d3590666100092a324027c","true","","Weekly","","Werribee Automotive Group SOCIALS","69d722982cf1049b51d50129","2026-04-09T03:52:56.128000","2026-04-09T07:49:05.063000","69d70dd55e510051573677eb","braeden@scrmmedia.com.au","false"
"2026-05-11","09:00","Social Media Editing Block","","","60","69d3590666100092a324027c","true","","Weekly","","Werribee Automotive Group SOCIALS","69d722982cf1049b51d5012a","2026-04-09T03:52:56.128000","2026-04-09T07:49:03.926000","69d70dd55e510051573677eb","braeden@scrmmedia.com.au","false"
"2026-05-11","09:00","Video Send-off Block","","","10","69d3590666100092a324027c","true","","Weekly","","Werribee Automotive Group SOCIALS","69d722982cf1049b51d5012b","2026-04-09T03:52:56.128000","2026-04-09T07:49:02.177000","69d70dd55e510051573677eb","braeden@scrmmedia.com.au","false"
"2026-05-11","09:00","Scheduling Block","","","10","69d3590666100092a324027c","true","","Weekly","","Werribee Automotive Group SOCIALS","69d722982cf1049b51d5012c","2026-04-09T03:52:56.128000","2026-04-09T07:48:59.841000","69d70dd55e510051573677eb","braeden@scrmmedia.com.au","false"
"2026-05-18","09:00","Social Media Editing Block","","","60","69d3590666100092a324027c","true","","Weekly","","Werribee Automotive Group SOCIALS","69d722982cf1049b51d5012d","2026-04-09T03:52:56.128000","2026-04-09T07:48:58.107000","69d70dd55e510051573677eb","braeden@scrmmedia.com.au","false"
"2026-05-18","09:00","Video Send-off Block","","","10","69d3590666100092a324027c","true","","Weekly","","Werribee Automotive Group SOCIALS","69d722982cf1049b51d5012e","2026-04-09T03:52:56.128000","2026-04-09T07:48:57.541000","69d70dd55e510051573677eb","braeden@scrmmedia.com.au","false"
"2026-05-18","09:00","Scheduling Block","","","10","69d3590666100092a324027c","true","","Weekly","","Werribee Automotive Group SOCIALS","69d722982cf1049b51d5012f","2026-04-09T03:52:56.128000","2026-04-09T07:48:56.975000","69d70dd55e510051573677eb","braeden@scrmmedia.com.au","false"
"2026-05-25","09:00","Ads Check and Optimise Block","","","20","69d3590666100092a3240271","true","","Weekly","","Dominate","69d5d0606142c98e1e11e38b","2026-04-08T03:49:52.714000","2026-04-09T07:48:56.391000","service_8b4e6330-f72e-472c-8717-aa845a7a9be2","service+8b4e6330-f72e-472c-8717-aa845a7a9be2@no-reply.base44.com","false"
"2026-05-18","09:00","Ads Check and Optimise Block","","","20","69d3590666100092a3240271","true","","Weekly","","Dominate","69d5d060dce266c7e7a1fed3","2026-04-08T03:49:52.702000","2026-04-09T07:48:50.452000","service_8b4e6330-f72e-472c-8717-aa845a7a9be2","service+8b4e6330-f72e-472c-8717-aa845a7a9be2@no-reply.base44.com","false"
"2026-05-25","09:00","Scheduling Block","","","20","69d3590666100092a3240271","true","","Weekly","","Dominate","69d5d060c449bc6f1129663a","2026-04-08T03:49:52.173000","2026-04-09T07:48:55.799000","service_8b4e6330-f72e-472c-8717-aa845a7a9be2","service+8b4e6330-f72e-472c-8717-aa845a7a9be2@no-reply.base44.com","false"
"2026-05-04","09:00","Ads Check and Optimise Block","","","20","69d3590666100092a3240271","true","","Weekly","","Dominate","69d5d0608967deb2b2ef4b47","2026-04-08T03:49:52.109000","2026-04-09T07:48:49.262000","service_8b4e6330-f72e-472c-8717-aa845a7a9be2","service+8b4e6330-f72e-472c-8717-aa845a7a9be2@no-reply.base44.com","false"
"2026-04-27","09:00","Meta Ad Setup Block","","","120","69d3590666100092a3240271","true","","Monthly","","Dominate","69d5d060632b1edac7b82c85","2026-04-08T03:49:52.106000","2026-04-09T07:48:55.239000","service_8b4e6330-f72e-472c-8717-aa845a7a9be2","service+8b4e6330-f72e-472c-8717-aa845a7a9be2@no-reply.base44.com","false"
"2026-05-11","09:00","Ads Check and Optimise Block","","","20","69d3590666100092a3240271","true","","Weekly","","Dominate","69d5d060f425819c383b4f20","2026-04-08T03:49:52.092000","2026-04-09T07:48:49.873000","service_8b4e6330-f72e-472c-8717-aa845a7a9be2","service+8b4e6330-f72e-472c-8717-aa845a7a9be2@no-reply.base44.com","false"
"2026-04-27","09:00","Ad Scripting Block","","","60","69d3590666100092a3240271","true","","Monthly","","Dominate","69d5d060e2304fa8964c940c","2026-04-08T03:49:52.071000","2026-04-09T07:48:54.661000","service_8b4e6330-f72e-472c-8717-aa845a7a9be2","service+8b4e6330-f72e-472c-8717-aa845a7a9be2@no-reply.base44.com","false"
"2026-05-18","09:00","Scheduling Block","","","20","69d3590666100092a3240271","true","","Weekly","","Dominate","69d5d05f55a833e6a99994c7","2026-04-08T03:49:51.577000","2026-04-09T07:48:42.349000","service_8b4e6330-f72e-472c-8717-aa845a7a9be2","service+8b4e6330-f72e-472c-8717-aa845a7a9be2@no-reply.base44.com","false"
"2026-05-11","09:00","Scheduling Block","","","20","69d3590666100092a3240271","true","","Weekly","","Dominate","69d5d05f72764a1e2f34b37a","2026-04-08T03:49:51.554000","2026-04-09T07:48:41.783000","service_8b4e6330-f72e-472c-8717-aa845a7a9be2","service+8b4e6330-f72e-472c-8717-aa845a7a9be2@no-reply.base44.com","false"
"2026-05-25","09:00","Video Send-off Block","","","15","69d3590666100092a3240271","true","","Weekly","","Dominate","69d5d05f59c8f9aac8b59c35","2026-04-08T03:49:51.549000","2026-04-09T07:48:54.083000","service_8b4e6330-f72e-472c-8717-aa845a7a9be2","service+8b4e6330-f72e-472c-8717-aa845a7a9be2@no-reply.base44.com","false"
"2026-05-04","09:00","Scheduling Block","","","20","69d3590666100092a3240271","true","","Weekly","","Dominate","69d5d05f8bdc251690fd0aa5","2026-04-08T03:49:51.501000","2026-04-09T07:48:41.220000","service_8b4e6330-f72e-472c-8717-aa845a7a9be2","service+8b4e6330-f72e-472c-8717-aa845a7a9be2@no-reply.base44.com","false"
"2026-05-18","09:00","Video Send-off Block","","","15","69d3590666100092a3240271","true","","Weekly","","Dominate","69d5d05f9df97dde307d1255","2026-04-08T03:49:51.494000","2026-04-09T07:48:44.641000","service_8b4e6330-f72e-472c-8717-aa845a7a9be2","service+8b4e6330-f72e-472c-8717-aa845a7a9be2@no-reply.base44.com","false"
"2026-04-27","09:00","Content Planning Block","","","90","69d3590666100092a3240271","true","","Monthly","","Dominate","69d5d05ec756df802801a018","2026-04-08T03:49:50.961000","2026-04-09T07:48:53.507000","service_8b4e6330-f72e-472c-8717-aa845a7a9be2","service+8b4e6330-f72e-472c-8717-aa845a7a9be2@no-reply.base44.com","false"
"2026-05-04","09:00","Video Send-off Block","","","15","69d3590666100092a3240271","true","","Weekly","","Dominate","69d5d05e6fe2bcdc360e9964","2026-04-08T03:49:50.943000","2026-04-09T07:48:43.501000","service_8b4e6330-f72e-472c-8717-aa845a7a9be2","service+8b4e6330-f72e-472c-8717-aa845a7a9be2@no-reply.base44.com","false"
"2026-05-04","09:00","Ad Editing Block","","","120","69d3590666100092a3240271","true","","Monthly","","Dominate","69d5d05ea7403c91637e3b61","2026-04-08T03:49:50.932000","2026-04-09T07:48:52.822000","service_8b4e6330-f72e-472c-8717-aa845a7a9be2","service+8b4e6330-f72e-472c-8717-aa845a7a9be2@no-reply.base44.com","false"
"2026-04-27","09:00","Strategy Meeting","","","30","69d3590666100092a3240271","true","","Monthly","","Dominate","69d5d05e24195dfc08ef8922","2026-04-08T03:49:50.928000","2026-04-09T07:48:52.236000","service_8b4e6330-f72e-472c-8717-aa845a7a9be2","service+8b4e6330-f72e-472c-8717-aa845a7a9be2@no-reply.base44.com","false"
"2026-05-11","09:00","Video Send-off Block","","","15","69d3590666100092a3240271","true","","Weekly","","Dominate","69d5d05e7bcd78197ea05645","2026-04-08T03:49:50.889000","2026-04-09T07:48:44.073000","service_8b4e6330-f72e-472c-8717-aa845a7a9be2","service+8b4e6330-f72e-472c-8717-aa845a7a9be2@no-reply.base44.com","false"
"2026-05-11","09:00","Social Media Editing Block","","","90","69d3590666100092a3240271","true","","Weekly","","Dominate","69d5d05ed45fc4a0de981f84","2026-04-08T03:49:50.430000","2026-04-09T07:48:31.335000","service_8b4e6330-f72e-472c-8717-aa845a7a9be2","service+8b4e6330-f72e-472c-8717-aa845a7a9be2@no-reply.base44.com","false"
"2026-05-25","09:00","Social Media Editing Block","","","90","69d3590666100092a3240271","true","","Weekly","","Dominate","69d5d05e58315aaefe9ea93c","2026-04-08T03:49:50.399000","2026-04-09T07:48:51.637000","service_8b4e6330-f72e-472c-8717-aa845a7a9be2","service+8b4e6330-f72e-472c-8717-aa845a7a9be2@no-reply.base44.com","false"
"2026-05-18","09:00","Social Media Editing Block","","","90","69d3590666100092a3240271","true","","Weekly","","Dominate","69d5d05e098852d0d4088247","2026-04-08T03:49:50.355000","2026-04-09T07:48:32.331000","service_8b4e6330-f72e-472c-8717-aa845a7a9be2","service+8b4e6330-f72e-472c-8717-aa845a7a9be2@no-reply.base44.com","false"
"2026-05-04","09:00","Social Media Editing Block","","","90","69d3590666100092a3240271","true","","Weekly","","Dominate","69d5d05ebacf12b37e10a124","2026-04-08T03:49:50.352000","2026-04-09T07:48:29.848000","service_8b4e6330-f72e-472c-8717-aa845a7a9be2","service+8b4e6330-f72e-472c-8717-aa845a7a9be2@no-reply.base44.com","false"
"2026-05-04","09:00","Ad Filming Block","","","90","69d3590666100092a3240271","true","","Monthly","","Dominate","69d5d05e6b276a6a84a42f9c","2026-04-08T03:49:50.302000","2026-04-09T07:48:51.045000","service_8b4e6330-f72e-472c-8717-aa845a7a9be2","service+8b4e6330-f72e-472c-8717-aa845a7a9be2@no-reply.base44.com","false"
"2026-05-18","09:00","Social Media Filming Block","","","90","69d3590666100092a3240271","true","","Weekly","","Dominate","69d5d05d20877a4499797cf9","2026-04-08T03:49:49.806000","2026-04-09T07:48:27.243000","service_8b4e6330-f72e-472c-8717-aa845a7a9be2","service+8b4e6330-f72e-472c-8717-aa845a7a9be2@no-reply.base44.com","false"
"2026-04-27","09:00","Ads Check and Optimise Block","","","20","69d3590666100092a3240271","true","","Weekly","","Dominate","69d5d05d6eee4ba4bac7a665","2026-04-08T03:49:49.785000","2026-04-09T07:48:48.684000","service_8b4e6330-f72e-472c-8717-aa845a7a9be2","service+8b4e6330-f72e-472c-8717-aa845a7a9be2@no-reply.base44.com","false"
"2026-05-25","09:00","Social Media Filming Block","","","90","69d3590666100092a3240271","true","","Weekly","","Dominate","69d5d05d0b32f238206ca6d9","2026-04-08T03:49:49.759000","2026-04-09T07:48:48.098000","service_8b4e6330-f72e-472c-8717-aa845a7a9be2","service+8b4e6330-f72e-472c-8717-aa845a7a9be2@no-reply.base44.com","false"
"2026-05-04","09:00","Social Media Filming Block","","","90","69d3590666100092a3240271","true","","Weekly","","Dominate","69d5d05df425819c383b4f1e","2026-04-08T03:49:49.757000","2026-04-09T07:48:26.109000","service_8b4e6330-f72e-472c-8717-aa845a7a9be2","service+8b4e6330-f72e-472c-8717-aa845a7a9be2@no-reply.base44.com","false"
"2026-05-11","09:00","Social Media Filming Block","","","90","69d3590666100092a3240271","true","","Weekly","","Dominate","69d5d05d634f05bcb2211faa","2026-04-08T03:49:49.743000","2026-04-09T07:48:26.685000","service_8b4e6330-f72e-472c-8717-aa845a7a9be2","service+8b4e6330-f72e-472c-8717-aa845a7a9be2@no-reply.base44.com","false"
"2026-03-30","09:00","Meta Ad Setup Block","","","120","69d3590666100092a3240271","true","","Monthly","","Dominate","69d5d05de252e6412482c5ee","2026-04-08T03:49:49.252000","2026-04-09T07:48:47.515000","service_8b4e6330-f72e-472c-8717-aa845a7a9be2","service+8b4e6330-f72e-472c-8717-aa845a7a9be2@no-reply.base44.com","false"
"2026-03-30","09:00","Ad Scripting Block","","","60","69d3590666100092a3240271","true","","Monthly","","Dominate","69d5d05da90dd4166abe86c0","2026-04-08T03:49:49.040000","2026-04-09T07:48:46.918000","service_8b4e6330-f72e-472c-8717-aa845a7a9be2","service+8b4e6330-f72e-472c-8717-aa845a7a9be2@no-reply.base44.com","false"
"2026-04-10","09:20","Ads Check and Optimise Block","","","20","69d3590666100092a3240271","false","69d24e4e2711543c1a4d5c44","Weekly","","Dominate","69d5d05d92ef93ac29430f34","2026-04-08T03:49:49.039000","2026-04-09T07:48:45.208000","service_8b4e6330-f72e-472c-8717-aa845a7a9be2","service+8b4e6330-f72e-472c-8717-aa845a7a9be2@no-reply.base44.com","false"
"2026-04-13","09:00","Ads Check and Optimise Block","","","20","69d3590666100092a3240271","true","","Weekly","","Dominate","69d5d05d60120b67ba21a732","2026-04-08T03:49:49.036000","2026-04-09T07:48:45.767000","service_8b4e6330-f72e-472c-8717-aa845a7a9be2","service+8b4e6330-f72e-472c-8717-aa845a7a9be2@no-reply.base44.com","false"
"2026-04-20","09:00","Ads Check and Optimise Block","","","20","69d3590666100092a3240271","true","","Weekly","","Dominate","69d5d05d4567a4a19acd915e","2026-04-08T03:49:49.028000","2026-04-09T07:48:46.345000","service_8b4e6330-f72e-472c-8717-aa845a7a9be2","service+8b4e6330-f72e-472c-8717-aa845a7a9be2@no-reply.base44.com","false"
"2026-04-27","09:00","Video Send-off Block","","","15","69d3590666100092a3240271","true","","Weekly","","Dominate","69d5d05c6face487521cba44","2026-04-08T03:49:48.473000","2026-04-09T07:48:42.924000","service_8b4e6330-f72e-472c-8717-aa845a7a9be2","service+8b4e6330-f72e-472c-8717-aa845a7a9be2@no-reply.base44.com","false"
"2026-04-13","09:00","Scheduling Block","","","20","69d3590666100092a3240271","true","","Weekly","","Dominate","69d5d05ca959031b1bd8849c","2026-04-08T03:49:48.434000","2026-04-09T07:48:39.502000","service_8b4e6330-f72e-472c-8717-aa845a7a9be2","service+8b4e6330-f72e-472c-8717-aa845a7a9be2@no-reply.base44.com","false"
"2026-04-27","09:00","Scheduling Block","","","20","69d3590666100092a3240271","true","","Weekly","","Dominate","69d5d05c84255a1059ff1d1e","2026-04-08T03:49:48.431000","2026-04-09T07:48:40.662000","service_8b4e6330-f72e-472c-8717-aa845a7a9be2","service+8b4e6330-f72e-472c-8717-aa845a7a9be2@no-reply.base44.com","false"
"2026-04-20","09:00","Scheduling Block","","","20","69d3590666100092a3240271","true","","Weekly","","Dominate","69d5d05ca32bd9703df88407","2026-04-08T03:49:48.379000","2026-04-09T07:48:40.073000","service_8b4e6330-f72e-472c-8717-aa845a7a9be2","service+8b4e6330-f72e-472c-8717-aa845a7a9be2@no-reply.base44.com","false"
"2026-04-10","09:50","Scheduling Block","","","20","69d3590666100092a3240271","false","69d24e4e2711543c1a4d5c45","Weekly","","Dominate","69d5d05cbbe9a749cf2e5ac9","2026-04-08T03:49:48.362000","2026-04-09T07:48:38.914000","service_8b4e6330-f72e-472c-8717-aa845a7a9be2","service+8b4e6330-f72e-472c-8717-aa845a7a9be2@no-reply.base44.com","false"
"2026-04-20","09:00","Video Send-off Block","","","15","69d3590666100092a3240271","true","","Weekly","","Dominate","69d5d05b25a6d093364889ce","2026-04-08T03:49:47.894000","2026-04-09T07:48:37.152000","service_8b4e6330-f72e-472c-8717-aa845a7a9be2","service+8b4e6330-f72e-472c-8717-aa845a7a9be2@no-reply.base44.com","false"
"2026-03-30","09:00","Strategy Meeting","","","30","69d3590666100092a3240271","true","","Monthly","","Dominate","69d5d05b11db3f6488b54f80","2026-04-08T03:49:47.857000","2026-04-09T07:48:38.357000","service_8b4e6330-f72e-472c-8717-aa845a7a9be2","service+8b4e6330-f72e-472c-8717-aa845a7a9be2@no-reply.base44.com","false"
"2026-04-13","09:00","Video Send-off Block","","","15","69d3590666100092a3240271","true","","Weekly","","Dominate","69d5d05b8bdc251690fd0aa1","2026-04-08T03:49:47.844000","2026-04-09T07:48:36.574000","service_8b4e6330-f72e-472c-8717-aa845a7a9be2","service+8b4e6330-f72e-472c-8717-aa845a7a9be2@no-reply.base44.com","false"
"2026-03-30","09:00","Content Planning Block","","","90","69d3590666100092a3240271","true","","Monthly","","Dominate","69d5d05be0470219aa2295af","2026-04-08T03:49:47.843000","2026-04-09T07:48:37.757000","service_8b4e6330-f72e-472c-8717-aa845a7a9be2","service+8b4e6330-f72e-472c-8717-aa845a7a9be2@no-reply.base44.com","false"
"2026-04-08","12:30","Video Send-off Block","","","15","69d3590666100092a3240271","true","","Weekly","","Dominate","69d5d05ba22bef47471455fa","2026-04-08T03:49:47.803000","2026-04-09T07:48:35.990000","service_8b4e6330-f72e-472c-8717-aa845a7a9be2","service+8b4e6330-f72e-472c-8717-aa845a7a9be2@no-reply.base44.com","false"
"2026-04-08","09:00","Ad Editing Block","","","120","69d3590666100092a3240271","false","69d24e4e2711543c1a4d5c4b","Monthly","","Dominate","69d5d05bc0b87f9da1cc6699","2026-04-08T03:49:47.316000","2026-04-09T07:48:35.403000","service_8b4e6330-f72e-472c-8717-aa845a7a9be2","service+8b4e6330-f72e-472c-8717-aa845a7a9be2@no-reply.base44.com","false"
"2026-04-08","11:00","Social Media Editing Block","","","90","69d3590666100092a3240271","false","69d24e4e2711543c1a4d5c4b","Weekly","","Dominate","69d5d05b5e3756c56a29e33c","2026-04-08T03:49:47.274000","2026-04-09T07:48:32.985000","service_8b4e6330-f72e-472c-8717-aa845a7a9be2","service+8b4e6330-f72e-472c-8717-aa845a7a9be2@no-reply.base44.com","false"
"2026-04-20","09:00","Social Media Editing Block","","","90","69d3590666100092a3240271","true","","Weekly","","Dominate","69d5d05b79b5b068701fa8ab","2026-04-08T03:49:47.244000","2026-04-09T07:48:34.197000","service_8b4e6330-f72e-472c-8717-aa845a7a9be2","service+8b4e6330-f72e-472c-8717-aa845a7a9be2@no-reply.base44.com","false"
"2026-04-27","09:00","Social Media Editing Block","","","90","69d3590666100092a3240271","true","","Weekly","","Dominate","69d5d05b99d3daea51b83c32","2026-04-08T03:49:47.242000","2026-04-09T07:48:28.411000","service_8b4e6330-f72e-472c-8717-aa845a7a9be2","service+8b4e6330-f72e-472c-8717-aa845a7a9be2@no-reply.base44.com","false"
"2026-04-07","09:00","Ad Filming Block","","","90","69d3590666100092a3240271","false","69d71f573d8a40c016bdf49d","Monthly","","Dominate","69d5d05a6fe2bcdc360e9961","2026-04-08T03:49:46.779000","2026-04-09T07:48:27.810000","service_8b4e6330-f72e-472c-8717-aa845a7a9be2","service+8b4e6330-f72e-472c-8717-aa845a7a9be2@no-reply.base44.com","false"
"2026-04-13","09:00","Social Media Filming Block","","","90","69d3590666100092a3240271","true","","Weekly","","Dominate","69d5d05a25e97b91e2533e57","2026-04-08T03:49:46.748000","2026-04-09T07:48:24.364000","service_8b4e6330-f72e-472c-8717-aa845a7a9be2","service+8b4e6330-f72e-472c-8717-aa845a7a9be2@no-reply.base44.com","false"
"2026-04-20","09:00","Social Media Filming Block","","","90","69d3590666100092a3240271","true","","Weekly","","Dominate","69d5d05a004113afa5044bee","2026-04-08T03:49:46.738000","2026-04-09T07:48:24.939000","service_8b4e6330-f72e-472c-8717-aa845a7a9be2","service+8b4e6330-f72e-472c-8717-aa845a7a9be2@no-reply.base44.com","false"
"2026-04-27","09:00","Social Media Filming Block","","","90","69d3590666100092a3240271","true","","Weekly","","Dominate","69d5d05a2dfafb415af91351","2026-04-08T03:49:46.735000","2026-04-09T07:48:25.547000","service_8b4e6330-f72e-472c-8717-aa845a7a9be2","service+8b4e6330-f72e-472c-8717-aa845a7a9be2@no-reply.base44.com","false"
"2026-04-07","10:30","Social Media Filming Block","","","90","69d3590666100092a3240271","false","69d71f573d8a40c016bdf49d","Weekly","","Dominate","69d5d05ae492304264d7e6c9","2026-04-08T03:49:46.728000","2026-04-09T07:48:23.721000","service_8b4e6330-f72e-472c-8717-aa845a7a9be2","service+8b4e6330-f72e-472c-8717-aa845a7a9be2@no-reply.base44.com","false"
"2026-05-04","09:00","Scheduling Block","","","20","69d3590666100092a324027e","true","","Weekly","","Momentum","69d5d05a2dfafb415af91350","2026-04-08T03:49:46.509000","2026-04-09T07:48:17.158000","service_8b4e6330-f72e-472c-8717-aa845a7a9be2","service+8b4e6330-f72e-472c-8717-aa845a7a9be2@no-reply.base44.com","false"
"2026-05-18","09:00","Scheduling Block","","","20","69d3590666100092a324027e","true","","Weekly","","Momentum","69d5d05a5af2400231d4596a","2026-04-08T03:49:46.493000","2026-04-09T07:48:23.111000","service_8b4e6330-f72e-472c-8717-aa845a7a9be2","service+8b4e6330-f72e-472c-8717-aa845a7a9be2@no-reply.base44.com","false"
"2026-05-11","09:00","Scheduling Block","","","20","69d3590666100092a324027e","true","","Weekly","","Momentum","69d5d05ae1ab6e229ae24bd8","2026-04-08T03:49:46.480000","2026-04-09T07:48:17.750000","service_8b4e6330-f72e-472c-8717-aa845a7a9be2","service+8b4e6330-f72e-472c-8717-aa845a7a9be2@no-reply.base44.com","false"
"2026-04-27","09:00","Scheduling Block","","","20","69d3590666100092a324027e","true","","Weekly","","Momentum","69d5d059007658c395bb8a50","2026-04-08T03:49:45.937000","2026-04-09T07:48:16.506000","service_8b4e6330-f72e-472c-8717-aa845a7a9be2","service+8b4e6330-f72e-472c-8717-aa845a7a9be2@no-reply.base44.com","false"